PASSENGERID,AREA_CODE,SERVICETYPE,NEIGHBOURHOODID,ACTUALDATETIME,PREVIOUSDATE,DATEDIFFERENCE,PRICECHECKFLAG,PICKUPLAT,PICKUPLONG,DESTLAT,DESTLONG,PICKUPGEOHASH,DESTGEOHASH,UNIQUEID,SERVICEFILTER,MINIMUMFARE,MAXIMUMFARE,VAT,VALUE,DISCOUNT,SURGEMULTIPLIER,SURCHARGE,RN,DISTANCE,DURATION,TRACEID,CUSTOMERSEGMENT,DISCRIMINATIONMULTIPLIER,ACTUALDISCRIMINATIONMULTIPLIER,PRICEDISCRIMINATIONENABLED,USERMETPDCRITERIA,ACTUALDATE,BASEFARE,FACTORDRIVER,DRIVERPRICE,PAYOUTENABLEDDRIVER,ADJUSTFAREDIFFERENCEDRIVER,PRICECHECKSUNIQUEID,RIDEID,PD_GROUP,REQUESTED,ACCEPTED,BOARDED,RANDOMISATION_BASESURGE,RANDOMISATION_BUCKETID,RANDOMISATION_FINALSURGE,RANDOMISATION_ISRANDOMISED,RANDOMISATION_RANDOMOFFSET,ISELIGIBLECASHRIDE,PASSENGERWALLETBALANCE,PICKUPAREACODE,DESTAREACODE
6a47b1b4561e146b480ca856,RUH,smart,6891b6515cbf304401265966,2026-07-03 15:58:31.520,2026-07-03 15:58:31.520,0,1,24.591272,46.598653,24.5376177,46.6899221,th35uk,th35w6,20260703155831520,ecolite,20.45,20.45,0.58,20.45,,0.9,0,11,14.713,21.533333333,15121843-52da-4987-a7b7-f00f6fa378ce,Group A,0.90,0.90,TRUE,TRUE,2026-07-03,21.96,,,TRUE,TRUE,15121843-52da-4987-a7b7-f00f6fa378ce1783094311520,6a47b21f7ae76b85a3f578b6,A,2026-07-03 15:59:11.234,2026-07-03 15:59:14.660,2026-07-03 16:07:39.242,0.9,,0.9,FALSE,0,TRUE,0,RUH,RUH
6a47cc95b8046b399605d77f,RUH,smart,6891b65132cc9ec573100d04,2026-07-03 17:53:47.356,2026-07-03 17:53:47.356,0,0,24.80611,46.704522,24.778897,46.831555,th3jng,th3kcw,20260703175347356,ecolite,26.6,26.6,0.58,26.6,,0.9,0,10,22.012,22.116666667,D70BFD20-FE21-487A-8E59-827535DA76CC,Group A,0.90,0.90,TRUE,TRUE,2026-07-03,28.55,,,TRUE,TRUE,D70BFD20-FE21-487A-8E59-827535DA76CC1783101227356,6a47cd09c22d83bd74e26888,A,2026-07-03 17:54:01.900,2026-07-03 17:54:12.289,2026-07-03 18:04:08.587,0.9,,0.9,FALSE,0,TRUE,0,RUH,RUH
6a47db58fc5fa530bc0d2ef3,RUH,smart,6891b651cd50e22cba5d56dd,2026-07-03 18:56:11.537,2026-07-03 18:56:11.537,0,1,24.497754,46.764639,24.689255,46.65351,th3725,th3hmw,20260703185611537,ecolite,45.24,45.24,0.58,45.24,,0.9,3.93,10,33.882,65.15,35be675d-d972-426b-a21e-8667641557d7,Group A,0.90,0.90,TRUE,TRUE,2026-07-03,48.57,,,TRUE,TRUE,35be675d-d972-426b-a21e-8667641557d71783104971537,6a47dbc2c22d83bd74f0b42a,A,2026-07-03 18:56:50.786,2026-07-03 18:57:00.111,2026-07-03 19:16:18.335,0.9,,0.9,FALSE,0,TRUE,0,RUH,RUH
6a498e7ce9134cef660d38ea,RUH,smart,6891b6505eb33f45c82f0705,2026-07-05 01:52:44.122,2026-07-05 01:52:44.122,0,0,24.696776,46.684035,24.911793,46.603239,th3hqr,th3jsr,20260705015244122,ecolite,34.94,34.94,0.58,34.94,,1,0,10,28.799,27.6,83CD7E2F-4349-4DFB-B6AB-320BBB6B61CC,Group A,0.90,0.90,TRUE,TRUE,2026-07-05,33.75,,,TRUE,TRUE,83CD7E2F-4349-4DFB-B6AB-320BBB6B61CC1783216364122,6a498ec27ef6256af79d9560,A,2026-07-05 01:52:50.057,2026-07-05 01:53:02.616,2026-07-05 02:08:27.900,1,,1,FALSE,0,TRUE,0,RUH,RUH
6a535ec22a32114ed90c37a9,ZRQ,economy,68877a86e5e726aaf963973a,2026-07-14 15:53:05.285,2026-07-14 15:53:05.285,0,0,32.091978,36.061702,32.050046,36.070642,sv9wsd,sv9wkf,20260714155305285,UltraEconomy,1.08,2.08,0,2.08,,1,0,1,5.929,11.933333333,799cf73d-88ef-4724-9828-6d717ca143b2,Group A,0.90,0.90,TRUE,TRUE,2026-07-14,2.31,,,TRUE,TRUE,799cf73d-88ef-4724-9828-6d717ca143b21784044385285,6a563136c3c2a38be2b6c9de,A,2026-07-14 15:53:10.630,2026-07-14 15:53:19.278,2026-07-14 15:59:49.548,1,,1,FALSE,0,TRUE,0,ZRQ,ZRQ
6a561b1455677a6b1b0f81c1,ZRQ,economy,68877a872e61b928b33a592c,2026-07-14 18:42:10.202,2026-07-14 18:42:10.202,0,1,32.074078,36.086119,32.068314,36.096256,sv9wmn,sv9wmm,20260714184210202,UltraEconomy,1.08,1.08,0,1.08,,1,0,2,1.558,5.966666667,d439d9a4-bb9e-434c-b98a-166755f6ee32,Group A,0.90,0.90,TRUE,TRUE,2026-07-14,1.2,,,TRUE,TRUE,d439d9a4-bb9e-434c-b98a-166755f6ee321784054530202,6a5658e0c3c2a38be2db104a,A,2026-07-14 18:42:24.643,2026-07-14 18:42:39.898,2026-07-14 18:49:21.162,1,,1,FALSE,0,TRUE,0,ZRQ,ZRQ
6a578e8baf8ac9d6db0d11ea,ZRQ,economy,68877a86c49e1079ab408b88,2026-07-15 16:45:56.653,1899-12-31 23:59:08.000,66552232,1,32.030399,36.061942,32.01274,36.028705,sv9whw,sv9w5g,20260715164556653,UltraEconomy,1.08,2.58,0,2.58,,1,0,1,7.704,12.266666667,a50dfab7-d570-4af0-be7f-93fe5c15acc7,Group A,0.90,0.90,TRUE,TRUE,2026-07-15,2.87,,,TRUE,TRUE,a50dfab7-d570-4af0-be7f-93fe5c15acc71784133956653,6a578fd1cd1f13068c553660,A,2026-07-15 16:49:05.067,2026-07-15 16:49:13.358,2026-07-15 16:59:33.497,1,,1,FALSE,0,TRUE,0,ZRQ,ZRQ
6a4f8475e9d393c87502e4c8,RUH,smart,6891b650464f40084c6496ee,2026-07-10 21:57:31.206,2026-07-10 21:57:31.206,0,0,24.723723,46.674472,24.693007,46.642228,th3hwh,th3hmr,20260710215731206,ecolite,14.52,14.52,0.58,14.52,,0.9,1.26,10,8.869,13.533333333,F1CA09C1-D2E2-4371-992E-39B374BAEFE3,Group A,0.90,0.90,TRUE,TRUE,2026-07-10,15.59,,,TRUE,TRUE,F1CA09C1-D2E2-4371-992E-39B374BAEFE31783720651206,6a5140b9aba5ca1961ba1f26,A,2026-07-10 21:58:01.288,2026-07-10 21:58:13.127,2026-07-10 22:14:08.763,0.9,,0.9,FALSE,0,TRUE,0,RUH,RUH
6a515933d47ee57f31098f5a,RUH,smart,6891b651cd50e239603948e2,2026-07-11 00:08:29.810,2026-07-11 00:08:29.810,0,0,24.563496,46.514813,24.733915,46.650984,th35dr,th3htw,20260711000829810,priority,48.08,48.08,0.58,48.08,,0.9,0,11,34.178,27.5,76A28566-5718-4BED-B247-48D9BA7DBB38,Group A,0.90,0.90,TRUE,TRUE,2026-07-11,51.61,,,TRUE,TRUE,76A28566-5718-4BED-B247-48D9BA7DBB381783728509810,6a515f842c3bad89f2504d8c,A,2026-07-11 00:09:24.979,2026-07-11 00:09:28.528,2026-07-11 00:14:43.402,0.9,,0.9,FALSE,0,TRUE,0,RUH,RUH
6a44dc3ddfedefa63505b857,MEC,jeenyeco,6889e5ece1156148565b12f2,2026-07-01 12:25:37.801,2026-07-01 12:25:37.801,0,1,21.41082,39.792056,21.378958,39.795558,sgu3c3,sgu39e,20260701122537801,UltraEconomy,12.27,12.27,0.58,12.27,,1,0,2,6.773,11.933333333,65efaf6b-63ab-44aa-b96e-d7c8bfdccab8,Group A,0.90,0.90,TRUE,TRUE,2026-07-01,11.86,,,TRUE,TRUE,65efaf6b-63ab-44aa-b96e-d7c8bfdccab81782908737801,6a44ddd694fcb2ed1a0c0625,A,2026-07-01 12:28:54.870,2026-07-01 12:28:58.090,2026-07-01 12:43:15.185,1,,1,FALSE,0,TRUE,0,MEC,MEC
6a44468a8574d143a4061de1,MEC,jeenyeco,6889e5ece84429566b6444da,2026-07-01 19:58:16.734,2026-07-01 19:58:16.734,0,0,21.417079,39.85811,21.433613,39.806575,sgu3ff,sgu3cv,20260701195816734,UltraEconomy,15.87,15.87,0.58,15.87,,1.15,0,1,8.152,13.116666667,7d0be1d7-dcdc-4499-b910-2637ec103b6c,Group A,0.90,0.90,TRUE,TRUE,2026-07-01,13.33,,,TRUE,TRUE,7d0be1d7-dcdc-4499-b910-2637ec103b6c1782935896734,6a45475657e084f58b969d80,A,2026-07-01 19:59:02.637,2026-07-01 19:59:33.685,2026-07-01 20:11:36.773,1.15,,1.15,FALSE,0,TRUE,0,MEC,MEC
6a45516ec2bbc1f7e00a8eb7,MEC,jeenyeco,6889e5ece1156148565b12f2,2026-07-01 20:43:33.519,2026-07-01 20:43:33.519,0,1,21.368746,39.78095,21.404824,39.713513,sgu394,sgu1z8,20260701204333519,UltraEconomy,19,19,0.58,19,,1,0,2,13.706,13.266666667,780f14a9-ccd6-41d7-82ac-8b7f5d0455b3,Group A,0.90,0.90,TRUE,TRUE,2026-07-01,18.35,,,TRUE,TRUE,780f14a9-ccd6-41d7-82ac-8b7f5d0455b31782938613519,6a4551df57e084f58ba531be,A,2026-07-01 20:43:59.194,2026-07-01 20:44:25.159,2026-07-01 20:57:12.221,1,,1,FALSE,0,TRUE,0,MEC,MEC
6a47f140f77c80e4fb0d6a93,RUH,smart,6891b6528351f3291d5567ec,2026-07-03 21:05:47.388,2026-07-03 21:05:47.388,0,1,24.748535,46.827562,24.750929,46.822118,th3kc9,th3kc3,20260703210547388,ecolite,8.94,8.94,0.58,8.94,,0.9,0,10,1.862,7.683333333,7d73f652-6ea6-45e9-a5c7-b0db14ef9cc6,Group A,0.90,0.90,TRUE,TRUE,2026-07-03,8.63,,,TRUE,TRUE,7d73f652-6ea6-45e9-a5c7-b0db14ef9cc61783112747388,6a47fa00c22d83bd741632c9,A,2026-07-03 21:05:52.379,2026-07-03 21:06:18.778,2026-07-03 21:26:57.517,0.9,,0.9,FALSE,0,TRUE,0,RUH,RUH
6a47faa7752c80e53c0e67ba,RUH,smart,6891b6512b984bd05d467870,2026-07-03 21:11:19.998,2026-07-03 21:11:19.998,0,0,24.651604,46.669742,24.64942,46.526725,th3hjz,th3h4x,20260703211119998,ecolite,33.99,33.99,0.58,33.99,,0.9,0,10,26.695,33.233333333,C90629D1-E7DF-4066-88A0-3FD86DA92AF3,Group A,0.90,0.90,TRUE,TRUE,2026-07-03,36.49,,,TRUE,TRUE,C90629D1-E7DF-4066-88A0-3FD86DA92AF31783113079998,6a47fb5cc22d83bd7417eca3,A,2026-07-03 21:11:40.667,2026-07-03 21:11:54.973,2026-07-03 21:26:59.062,0.9,,0.9,FALSE,0,TRUE,0,RUH,RUH
6a4801c17fc27d226201a89f,RUH,smart,6891b650a2084e6905526bd7,2026-07-03 21:40:11.125,2026-07-03 21:40:04.185,0,0,24.575365,46.767544,24.576626,46.803314,th37b1,th37c4,20260703214011125,ecolite,10.93,10.93,0.58,10.93,,0.9,0,10,5.493,10.2,16252C4C-7780-4DC0-AA2B-5E4469A29BBA,Group A,0.90,0.90,TRUE,TRUE,2026-07-03,11.73,,,TRUE,TRUE,16252C4C-7780-4DC0-AA2B-5E4469A29BBA1783114811125,6a48021dc22d83bd74206f96,A,2026-07-03 21:40:29.633,2026-07-03 21:40:36.787,2026-07-03 21:47:35.911,0.9,,0.9,FALSE,0,TRUE,0,RUH,RUH
6a481fdf0c060817d20d1723,RUH,smart,6891b651a47b6644d30c23e5,2026-07-03 23:53:10.290,2026-07-03 23:53:10.290,0,0,24.595958,46.681217,24.573686,46.782332,th35ym,th37b9,20260703235310290,ecolite,22.28,22.28,0.58,22.28,,0.9,0,10,14.921,25.533333333,6A0D6CA7-F229-4192-8446-31EF71742348,Group A,0.90,0.90,TRUE,TRUE,2026-07-03,23.91,,,TRUE,TRUE,6A0D6CA7-F229-4192-8446-31EF717423481783122790290,6a48213d7ae76b85a3685f73,A,2026-07-03 23:53:17.748,2026-07-03 23:53:21.557,2026-07-03 23:59:23.503,0.9,,0.9,FALSE,0,TRUE,0,RUH,RUH
6a4fc34e60aa421b390d46d6,RUH,smart,6891b6505eb33f374f7626b1,2026-07-09 19:07:00.736,2026-07-09 19:07:00.736,0,1,24.825667,46.769323,24.684168,46.64607,th3m0r,th3hmm,20260709190700736,ecolite,41.6,41.6,0.58,41.6,,1,0,10,31.67,29.45,31b95470-182b-46b8-bf92-e38632f5a95f,Group A,0.90,0.90,TRUE,TRUE,2026-07-09,40.19,,,TRUE,TRUE,31b95470-182b-46b8-bf92-e38632f5a95f1783624020736,6a4fc732b0e119efe88cd5d8,A,2026-07-09 19:07:14.505,2026-07-09 19:07:17.658,2026-07-09 19:17:38.923,1,,1,FALSE,0,TRUE,0,RUH,RUH
6a4fc19ae8ecfb4875088f73,RUH,smart,6891b6505eb33f45c82f0705,2026-07-09 19:07:48.661,2026-07-09 19:07:48.661,0,1,24.7562932,46.6291962,24.781692,46.623106,th3hv4,th3huz,20260709190748661,ecolite,17.77,17.77,0.58,17.77,,1,0,10,10.032,15.733333333,cf5237ab-6c84-4c98-82ae-8022babc54e0,Group A,0.90,0.90,TRUE,TRUE,2026-07-09,17.17,,,TRUE,TRUE,cf5237ab-6c84-4c98-82ae-8022babc54e01783624068661,6a4fc809c737923ca985fc12,A,2026-07-09 19:10:49.918,2026-07-09 19:11:01.504,2026-07-09 19:19:59.850,1,,1,FALSE,0,TRUE,0,RUH,RUH
6a4fdf63e60cc091270506b9,RUH,smart,6891b6528351f3291d5567ec,2026-07-09 20:52:51.837,2026-07-09 20:52:51.837,0,0,24.723519,46.760232,24.821333,46.750742,th3k8h,th3jpy,20260709205251837,ecolite,23.31,23.31,0.58,23.31,,1,0,10,14.965,19.333333333,0097662D-03CB-4A59-BECD-44B9A52F3A1C,Group A,0.90,0.90,TRUE,TRUE,2026-07-09,22.52,,,TRUE,TRUE,0097662D-03CB-4A59-BECD-44B9A52F3A1C1783630371837,6a4fdffab0e119efe8ae08ef,A,2026-07-09 20:52:58.145,2026-07-09 20:53:01.114,2026-07-09 21:00:32.175,1,,1,FALSE,0,TRUE,0,RUH,RUH
6a4fe5fc3d9659cec40920a9,RUH,smart,6891b6528351f3291d5567ec,2026-07-09 21:20:27.103,2026-07-09 21:20:27.103,0,1,24.703181,46.797543,24.7106246,46.7911453,th3k8c,th3k8f,20260709212027103,ecolite,8.94,8.94,0.58,8.94,,1,0,11,1.934,4.8,779e85b1-fb6d-4505-9bc8-4256d4a1c4d9,Group A,0.90,0.90,TRUE,TRUE,2026-07-09,8.63,,,TRUE,TRUE,779e85b1-fb6d-4505-9bc8-4256d4a1c4d91783632027103,6a4fe680b0e119efe8b7428c,A,2026-07-09 21:20:48.173,2026-07-09 21:20:54.333,2026-07-09 21:30:26.368,1,,1,FALSE,0,TRUE,0,RUH,RUH
6a4ea8e8665d61ef3e0348f0,RUH,smart,6891b6505eb33f45c82f0705,2026-07-08 23:04:05.997,2026-07-08 23:04:05.997,0,1,24.713719,46.674404,24.745023,46.780744,th3hw4,th3kb8,20260708230405997,ecolite,25.1,25.1,0.58,25.1,,1,0,10,15.176,26.05,f8e5e263-123a-49c0-8f27-c7b1da4cf5e6,Group A,0.90,0.90,TRUE,TRUE,2026-07-08,24.26,,,TRUE,TRUE,f8e5e263-123a-49c0-8f27-c7b1da4cf5e61783551845997,6a4ead42b96502554665bd8a,A,2026-07-08 23:04:17.998,2026-07-08 23:04:23.075,2026-07-08 23:17:10.078,1,,1,FALSE,0,TRUE,0,RUH,RUH
6a4ed1d07dcafdce7f0d28c0,RUH,smart,6891b6515cbf304401265966,2026-07-09 01:52:20.230,2026-07-09 01:52:20.230,0,0,24.5676603,46.5985198,24.611348,46.508227,th35u2,th3h42,20260709015220230,ecolite,26.96,26.96,0.58,26.96,,1,0,10,20.81,22.6,134706c6-edf6-46cf-b4e5-e7f0ad1f3071,Group A,0.90,0.90,TRUE,TRUE,2026-07-09,26.04,,,TRUE,TRUE,134706c6-edf6-46cf-b4e5-e7f0ad1f30711783561940230,6a4ed4bdae56939540ff6f49,A,2026-07-09 01:52:45.057,2026-07-09 01:52:54.413,2026-07-09 02:02:05.874,1,,1,FALSE,0,TRUE,0,RUH,RUH
6a4f08d97401a900d4003412,RUH,smart,6891b6528351f3291d5567ec,2026-07-09 05:37:59.068,2026-07-09 05:37:48.772,0,0,24.814844,46.829947,24.95599,46.702253,th3m1t,th3jyx,20260709053759068,airportdropoff,39.43,39.43,0.58,39.43,,1,5.92,1,32.739,32.683333333,BFC41357-C5A7-49B2-ABB3-8341432E1C96,Group A,0.90,0.90,TRUE,TRUE,2026-07-09,38.1,,,TRUE,TRUE,BFC41357-C5A7-49B2-ABB3-8341432E1C961783575479068,6a4f099eb0e119efe8dc06e6,A,2026-07-09 05:38:22.535,2026-07-09 05:38:27.187,2026-07-09 05:48:56.608,1,,1,FALSE,0,TRUE,0,RUH,RUA
6a4baac8a8678d9ee10fc8fd,AMM,economy,688f52cef84bc164a019ea8b,2026-07-09 13:25:58.897,2026-07-09 13:17:28.287,8,0,31.940198,35.947254,31.951852,35.909823,sv9t9y,sv9tc0,20260709132558897,economy,1.35,2.17,0,2.17,,1,0,1,6.074,17.383333333,90754a91-d090-4600-b1de-0e375de5e685,Group A,0.90,0.90,TRUE,TRUE,2026-07-09,2.41,,,TRUE,TRUE,90754a91-d090-4600-b1de-0e375de5e6851783603558897,6a4f775dc737923ca91ec16f,A,2026-07-09 13:26:37.945,2026-07-09 13:26:53.021,2026-07-09 13:37:09.792,1,,1,FALSE,0,TRUE,0,AMM,AMM
6a4ecf061edfa7be1f042410,AMM,economy,688f52cf1fb7c050b13bcb56,2026-07-09 14:47:33.643,2026-07-09 14:47:32.306,0,0,31.947515,35.864669,31.902345,35.92478,sv9t8p,sv9t3r,20260709144733643,economy,1.35,4.2,0,4.2,,1,0,1,13.091,22.716666667,577B1C19-86A4-431E-8B48-F39957EF5203,Group A,0.90,0.90,TRUE,TRUE,2026-07-09,4.67,,,TRUE,TRUE,577B1C19-86A4-431E-8B48-F39957EF52031783608453643,6a4f8a5cb0e119efe83870b3,A,2026-07-09 14:47:40.193,2026-07-09 14:47:44.173,2026-07-09 14:54:58.433,1,,1,FALSE,0,TRUE,0,AMM,AMM
6a4eb80150c328ab8b041a2d,AMM,economy,688f52ce084531676b6c07cd,2026-07-09 16:54:58.121,2026-07-09 16:54:58.121,0,0,32.001942,35.850398,31.902713,35.88164,sv9qpc,sv9t2x,20260709165458121,economy,1.35,7.21,0,7.21,,1.35,0,1,16.986,35.016666667,2ED33920-4180-4F3D-8D8B-AF93BC9A9DD9,Group A,0.90,0.90,TRUE,TRUE,2026-07-09,5.93,,,TRUE,TRUE,2ED33920-4180-4F3D-8D8B-AF93BC9A9DD91783616098121,6a4fa836c737923ca95700a3,A,2026-07-09 16:55:02.958,2026-07-09 16:55:06.034,2026-07-09 17:00:27.678,1.35,,1.35,FALSE,0,TRUE,0,AMM,AMM
6a4fb02ec9984d3898048a7f,AMM,economy,688f52ce7460f8482465ecc0,2026-07-09 17:37:25.587,2026-07-09 17:37:25.587,0,0,31.956635,35.859141,31.931288,35.91575,sv9mzc,sv9t9k,20260709173725587,economy,1.35,3.03,0,3.03,,1,0,1,9.065,26.2,f14a1b22-0a61-46f6-8da3-61a9a77a9c4d,Group A,0.90,0.90,TRUE,TRUE,2026-07-09,3.37,,,TRUE,TRUE,f14a1b22-0a61-46f6-8da3-61a9a77a9c4d1783618645587,6a4fb23eb0e119efe86f16fa,A,2026-07-09 17:37:50.492,2026-07-09 17:37:57.586,2026-07-09 17:45:44.995,1,,1,FALSE,0,TRUE,0,AMM,AMM
6a4fc343b16fc9921d0bf655,AMM,economy,688f52cd2d381129d16ae28b,2026-07-09 18:51:27.567,1899-12-31 23:59:08.000,66543718,1,31.987329,35.848229,31.908865,35.946468,sv9mzx,sv9t9b,20260709185127567,economy,1.35,5.25,0,5.25,,1,0,1,16.685,40.466666667,5ABD3F24-3B1E-4B01-A682-0F3633D94FCD,Group A,0.90,0.90,TRUE,TRUE,2026-07-09,5.83,,,TRUE,TRUE,5ABD3F24-3B1E-4B01-A682-0F3633D94FCD1783623087567,6a4fc3a4c737923ca9803452,A,2026-07-09 18:52:04.234,2026-07-09 18:52:07.550,2026-07-09 19:00:52.323,1,,1,FALSE,0,TRUE,0,AMM,AMM
6a4fc5fc32ebae1bdb0f2091,AMM,economy,688f52ce148ebc5dd457c66b,2026-07-09 19:05:16.840,2026-07-09 19:05:16.840,0,0,31.994251,35.903165,31.902713,35.88164,sv9w0b,sv9t2x,20260709190516840,economy,1.35,4.2,0,4.2,,1,0,1,13.097,31.65,DD4D5D18-C90C-491A-8CF7-FD3BAF3570FF,Group A,0.90,0.90,TRUE,TRUE,2026-07-09,4.67,,,TRUE,TRUE,DD4D5D18-C90C-491A-8CF7-FD3BAF3570FF1783623916840,6a4fc6c1c737923ca98467fb,A,2026-07-09 19:05:21.877,2026-07-09 19:05:23.549,2026-07-09 19:16:33.901,1,,1,FALSE,0,TRUE,0,AMM,AMM
6a4fb670cc1dcc40600e7bfb,AMM,economy,688f52cdbfe400711743b205,2026-07-09 19:05:47.037,2026-07-09 18:19:11.933,46,1,31.922303,35.968016,31.898398,35.899121,sv9td7,sv9t2y,20260709190547037,economy,1.35,4,0,4,,1,0,1,12.37,20.5,74fb639e-8797-4277-8683-901a6da9b7bd,Group A,0.90,0.90,TRUE,TRUE,2026-07-09,4.44,,,TRUE,TRUE,74fb639e-8797-4277-8683-901a6da9b7bd1783623947037,6a4fc752c737923ca9851e25,A,2026-07-09 19:07:46.682,2026-07-09 19:07:48.975,2026-07-09 19:14:15.753,1,,1,FALSE,0,TRUE,0,AMM,AMM
6a4fb4c4c3b6fabba5096dd8,AMM,economy,688f52ce0b22af4fbf2b5c31,2026-07-09 19:50:37.099,2026-07-09 19:50:15.801,0,0,31.891853,35.858838,31.967128,35.844899,sv9mrv,sv9mze,20260709195037099,economy,1.35,3.75,0,3.75,,1,0,1,11.529,17.8,C6D59B8B-A945-4379-B4D5-4DEEFB8937A4,Group A,0.90,0.90,TRUE,TRUE,2026-07-09,4.17,,,TRUE,TRUE,C6D59B8B-A945-4379-B4D5-4DEEFB8937A41783626637099,6a4fd169b0e119efe899f480,A,2026-07-09 19:50:49.737,2026-07-09 19:50:53.345,2026-07-09 20:00:55.530,1,,1,FALSE,0,TRUE,0,AMM,AMM
6a4f889788896454f30cd6eb,AMM,economy,688f52ce66edc2a3c5189749,2026-07-09 20:13:48.118,2026-07-09 20:13:48.118,0,0,31.977843,35.843414,31.979376,35.768083,sv9mzt,sv9mvv,20260709201348118,economy,1.35,3.37,0,3.37,,1,0,1,10.204,18.5,7DD8D83B-096A-47C7-8412-7DAA7CA8A35D,Group A,0.90,0.90,TRUE,TRUE,2026-07-09,3.74,,,TRUE,TRUE,7DD8D83B-096A-47C7-8412-7DAA7CA8A35D1783628028118,6a4fd76ac737923ca99a5b83,A,2026-07-09 20:16:26.631,2026-07-09 20:16:35.460,2026-07-09 20:25:28.960,1,,1,FALSE,0,TRUE,0,AMM,AMM
6a50f82d53506bbe3e0a2d4e,DMM,jeenyeco,6889f8c5e84429212241bcac,2026-07-10 16:53:19.080,2026-07-10 16:53:19.080,0,0,26.457929,50.093892,26.379561,50.084841,theweb,thew5d,20260710165319080,UltraEconomy,17.58,22.38,0.58,19.99,,0.9,0,1,15.311,16.65,B673F832-67BD-4E11-AF85-1F6DF1A81546,Group A,0.90,0.90,TRUE,TRUE,2026-07-10,21.45,,,TRUE,TRUE,B673F832-67BD-4E11-AF85-1F6DF1A815461783702399080,6a50f967c737923ca92c31ca,A,2026-07-10 16:53:43.442,2026-07-10 16:53:52.798,2026-07-10 17:01:35.202,0.9,,0.9,FALSE,0,TRUE,0,DMM,DMM
6a51684c9ed3b511d20c2b1f,DMM,jeenyeco,6889f8c593027e006c31f8e3,2026-07-11 00:51:11.928,2026-07-11 00:51:11.928,0,0,26.294251,50.221647,26.443116,50.008656,thetwf,thew3v,20260711005111928,UltraEconomy,38.13,48.53,0.58,43.33,,0.9,0,1,41.479,33.15,4E0B4BA3-8014-48DD-BFF3-688A04A15141,Group A,0.90,0.90,TRUE,TRUE,2026-07-11,46.52,,,TRUE,TRUE,4E0B4BA3-8014-48DD-BFF3-688A04A151411783731071928,6a5169bcaba5ca1961df04ce,A,2026-07-11 00:53:00.270,2026-07-11 00:53:04.719,2026-07-11 01:13:07.164,0.9,,0.9,FALSE,0,TRUE,0,DMM,DMM
6a50f6b3619cc927f105ec7e,RUH,smart,6891b651008d57c7b830139f,2026-07-10 17:06:47.766,2026-07-10 17:06:47.766,0,0,24.882884,46.641171,24.889062,46.620188,th3jt3,th3jsf,20260710170647766,ecolite,8.94,8.94,0.58,8.94,,0.9,0,10,3.609,6.683333333,5E742BE8-A737-442D-BF18-2E79DB7B599D,Group A,0.90,0.90,TRUE,TRUE,2026-07-10,8.85,,,TRUE,TRUE,5E742BE8-A737-442D-BF18-2E79DB7B599D1783703207766,6a50fc7bc737923ca92e85e4,A,2026-07-10 17:06:51.666,2026-07-10 17:07:04.165,2026-07-10 17:22:20.732,0.9,,0.9,FALSE,0,TRUE,-8,RUH,RUH
6a5b8ad97693d51da803046f,HOF,jeenyeco,DEFAULT_NEIGHBOURHOOD_HOF,2026-07-18 17:19:19.472,2026-07-18 17:19:19.472,0,0,25.348351,49.55984,25.310288,49.527864,the0py,th7pzp,20260718171919472,jeenyeco,13.73,13.73,0.58,13.73,,1,0,11,11.929,16.4,22514C28-835B-41A6-9A83-472857A4BF98,Group A,0.80,0.80,TRUE,TRUE,2026-07-18,14.93,,,TRUE,TRUE,22514C28-835B-41A6-9A83-472857A4BF981784395159472,6a5b8b73086b15be44f26902,A,2026-07-18 17:19:31.096,2026-07-18 17:19:37.129,2026-07-18 17:28:12.072,1,,1,FALSE,0,TRUE,0,HOF,HOF
6a47a71159cfec7f310d2a33,IRB,economy,6889fafda23918f088373faa,2026-07-03 16:44:20.581,2026-07-03 16:44:20.581,0,1,32.516645,35.851402,32.469152,35.795022,svc2zz,svc2ww,20260703164420581,UltraEconomy,2.55,7.05,0,2.55,,1,0,2,9.238,16.416666667,c9e4c1ed-a141-4fa7-94b5-ee38c455d209,Group A,0.90,0.90,TRUE,TRUE,2026-07-03,2.83,,,TRUE,TRUE,c9e4c1ed-a141-4fa7-94b5-ee38c455d2091783097060581,6a47bcd77ae76b85a3fcd882,A,2026-07-03 16:44:55.037,2026-07-03 16:44:57.367,2026-07-03 16:50:00.727,1,,1,FALSE,0,TRUE,0,IRB,IRB
6a47dfa3abcbc06fcd05c6cc,IRB,economy,6889fafda23918f088373faa,2026-07-03 19:19:29.319,2026-07-03 19:19:29.319,0,1,32.52865,35.839515,32.537701,35.852009,svc3p9,svc3pg,20260703191929319,UltraEconomy,1.13,5.63,0,1.13,,1,0,2,2.401,6.983333333,69befbb7-ac9e-43b8-b4fd-916d388411fa,Group A,0.90,0.90,TRUE,TRUE,2026-07-03,1.25,,,TRUE,TRUE,69befbb7-ac9e-43b8-b4fd-916d388411fa1783106369319,6a47e1287ae76b85a31ebce1,A,2026-07-03 19:19:52.436,2026-07-03 19:19:56.073,2026-07-03 19:25:27.835,1,,1,FALSE,0,TRUE,0,IRB,IRB
6a48347cafdc6ce3ba038e99,IRB,economy,6889fafe0593d40c7a487f6f,2026-07-04 01:18:57.798,2026-07-04 01:18:57.798,0,0,32.53682,35.869928,32.56101,36.006741,svc905,svc95r,20260704011857798,UltraEconomy,3.74,8.24,0,3.74,,1,0,1,14.514,24.983333333,8434EB2A-703E-4E30-873A-E01405140468,Group A,0.90,0.90,TRUE,TRUE,2026-07-04,4.16,,,TRUE,TRUE,8434EB2A-703E-4E30-873A-E014051404681783127937798,6a4835627ae76b85a3794328,A,2026-07-04 01:19:14.525,2026-07-04 01:19:15.671,2026-07-04 01:28:14.408,1,,1,FALSE,0,TRUE,0,IRB,IRB
6a36882e0e5650e403041e4d,IRB,economy,6889fafde2e10a3e92387dc6,2026-07-06 09:04:02.453,2026-07-06 09:04:02.453,0,0,32.555437,35.97797,32.552626,36.009546,svc94w,svc95q,20260706090402453,UltraEconomy,1.42,5.92,0,1.42,,1,0,1,3.79,8.733333333,7E65755F-E1E0-44D2-9FCC-389B0A754C5F,Group A,0.90,0.90,TRUE,TRUE,2026-07-06,1.58,,,TRUE,TRUE,7E65755F-E1E0-44D2-9FCC-389B0A754C5F1783328642453,6a4b455fc5d6742eb773d99f,A,2026-07-06 09:04:15.065,2026-07-06 09:04:18.135,2026-07-06 09:16:03.853,1,,1,FALSE,0,TRUE,1,IRB,IRB
6a49865774378379b1064fcb,RUH,smart,6891b650464f40084c6496ee,2026-07-05 15:59:19.276,2026-07-05 15:59:19.276,0,0,24.672001,46.676639,24.752315,46.679837,th3hq5,th3hy4,20260705155919276,ecolite,23.86,23.86,0.58,23.86,,1,0,10,15.666,22.65,444CC37A-C4C2-437A-87D8-E1E181C692DD,Group A,0.90,0.90,TRUE,TRUE,2026-07-05,23.05,,,TRUE,TRUE,444CC37A-C4C2-437A-87D8-E1E181C692DD1783267159276,6a4a55317ef6256af718be0d,A,2026-07-05 15:59:29.413,2026-07-05 15:59:34.219,2026-07-05 16:17:42.595,1,,1,FALSE,0,TRUE,0,RUH,RUH
6a4a5f9acb53e56e2d0306df,RUH,smart,6891b650464f40084c6496ee,2026-07-05 16:45:33.810,2026-07-05 16:45:33.810,0,0,24.617345,46.697572,24.751608,46.823737,th3hn9,th3kc9,20260705164533810,ecolite,52.08,52.08,0.58,52.08,,1,0,10,39.924,48.883333333,12DC5661-AE40-428B-9AA9-FCE48FD98941,Group A,0.90,0.90,TRUE,TRUE,2026-07-05,50.32,,,TRUE,TRUE,12DC5661-AE40-428B-9AA9-FCE48FD989411783269933810,6a4a60037ef6256af727aacf,A,2026-07-05 16:45:39.276,2026-07-05 16:45:43.453,2026-07-05 16:52:46.734,1,,1,FALSE,0,TRUE,0,RUH,RUH
6a4a604a0122c8ed4708bdf3,RUH,smart,6891b650a2084e6905526bd7,2026-07-05 16:48:11.615,1899-12-31 23:59:08.000,66537835,1,24.576048,46.792089,24.5710244,46.7086119,th37bc,th35yc,20260705164811615,ecolite,23.77,23.77,0.58,23.77,,1,0,1,15.852,21.516666667,835135be-6fd3-47de-9085-2d0f3bcb877d,Group A,0.90,0.90,TRUE,TRUE,2026-07-05,22.97,,,TRUE,TRUE,835135be-6fd3-47de-9085-2d0f3bcb877d1783270091615,6a4a61c2c5a77f251a5f1a09,A,2026-07-05 16:53:06.953,2026-07-05 16:53:08.801,2026-07-05 17:01:50.987,1,,1,FALSE,0,TRUE,0,RUH,RUH
6a3d76e2d321f805990dfb90,RUH,smart,6891b6515cbf304401265966,2026-07-05 18:16:24.484,2026-07-05 18:16:24.484,0,1,24.5629436,46.5338151,24.587755,46.603525,th35dz,th35uk,20260705181624484,ecolite,25.48,25.48,0.58,25.48,,1,0,10,18.754,17.383333333,11b0b546-368e-4c22-8f6a-133c5f50bdd3,Group A,0.90,0.90,TRUE,TRUE,2026-07-05,24.62,,,TRUE,TRUE,11b0b546-368e-4c22-8f6a-133c5f50bdd31783275384484,6a4a75e1c5a77f251a7d65a5,A,2026-07-05 18:18:57.026,2026-07-05 18:19:01.046,2026-07-05 18:26:53.008,1,,1,FALSE,0,TRUE,0,RUH,RUH
6a4accde45bad2f8e5059093,RUH,smart,6891b6512b984bc8151bac3a,2026-07-07 00:24:07.414,2026-07-07 00:24:07.414,0,0,24.567875,46.763355,24.563244,46.717696,th37b0,th35xp,20260707002407414,ecolite,13.49,13.49,0.58,13.49,,1,0,10,7.892,11.95,47728769-5D96-43A9-B7F0-2A2AA820E47C,Group A,0.90,0.90,TRUE,TRUE,2026-07-07,13.03,,,TRUE,TRUE,47728769-5D96-43A9-B7F0-2A2AA820E47C1783383847414,6a4c1d18c5d6742eb74f87bc,A,2026-07-07 00:24:40.227,2026-07-07 00:24:48.424,2026-07-07 00:33:18.151,1,,1,FALSE,0,TRUE,0,RUH,RUH
6a4c81a137b06c00b200badc,RUH,smart,6891b65132cc9ec573100d04,2026-07-07 07:41:15.723,2026-07-07 07:40:32.941,1,0,24.828767,46.737049,24.680947,46.689278,th3jpx,th3hqm,20260707074115723,ecolite,43.07,43.07,0.58,43.07,,1,0,10,30.7,31.633333333,6453EB35-B691-43DD-809F-8DD685565543,Group A,0.90,0.90,TRUE,TRUE,2026-07-07,41.61,,,TRUE,TRUE,6453EB35-B691-43DD-809F-8DD6855655431783410075723,6a4c839dc5d6742eb76748fe,A,2026-07-07 07:42:05.389,2026-07-07 07:42:09.886,2026-07-07 07:53:40.542,1,,1,FALSE,0,TRUE,0,RUH,RUH
6a4d48f909bdc88b750bb053,RUH,smart,6891b651a47b6644d30c23e5,2026-07-07 21:45:12.547,2026-07-07 21:45:12.547,0,0,24.582336,46.659932,24.723106,46.827171,th35vg,th3k9s,20260707214512547,ecolite,50.53,50.53,0.58,50.53,,1,0,10,37.508,43.683333333,4F4C77C1-18E8-4DA6-8C36-77BA9C295F21,Group A,0.90,0.90,TRUE,TRUE,2026-07-07,48.82,,,TRUE,TRUE,4F4C77C1-18E8-4DA6-8C36-77BA9C295F211783460712547,6a4d49514407f7fd1e8d5665,A,2026-07-07 21:45:37.032,2026-07-07 21:45:48.348,2026-07-07 21:52:40.125,1,,1,FALSE,0,TRUE,0,RUH,RUH
6a4d4f985182db6b970a61a5,RUH,smart,6891b650ff313265af58e418,2026-07-07 22:13:41.014,2026-07-07 22:13:41.014,0,1,24.811879,46.787118,24.7703,46.764412,th3m0s,th3kbj,20260707221341014,ecolite,16.3,16.3,0.58,16.3,,1,0,10,8.71,14.783333333,5a73e83c-6ae0-41ec-bedf-215ca99ec038,Group A,0.90,0.90,TRUE,TRUE,2026-07-07,15.74,,,TRUE,TRUE,5a73e83c-6ae0-41ec-bedf-215ca99ec0381783462421014,6a4d518fc5d6742eb741940f,A,2026-07-07 22:20:47.678,2026-07-07 22:20:50.497,2026-07-07 22:28:07.226,1,,1,FALSE,0,TRUE,0,RUH,RUH
6a4d0243984d97294200f42a,RUH,smart,6891b6528351f3291d5567ec,2026-07-07 16:51:17.023,2026-07-07 16:51:17.023,0,0,24.81068,46.870291,24.701913,46.838134,th3m4s,th3k9b,20260707165117023,ecolite,26.19,26.19,0.58,26.19,,1,0,10,18.378,21.95,227a8116-36a5-4f34-9d89-880298b2434b,Group A,0.90,0.90,TRUE,TRUE,2026-07-07,25.3,,,TRUE,TRUE,227a8116-36a5-4f34-9d89-880298b2434b1783443077023,6a4d046bc5d6742eb7dae280,A,2026-07-07 16:51:39.598,2026-07-07 16:51:42.160,2026-07-07 17:21:26.904,1,,1,FALSE,0,TRUE,0,RUH,RUH
6a4b716f2959af6f9b00dc5f,RUH,smart,6891b651a47b6644d30c23e5,2026-07-06 12:18:41.876,2026-07-06 12:18:41.876,0,0,24.592391,46.63099,24.600656,46.643841,th35vh,th35vq,20260706121841876,ecolite,8.94,8.94,0.58,8.94,,1,0,10,1.606,4.066666667,A68DC141-2396-4673-99C8-C4E392AAEB51,Group A,0.90,0.90,TRUE,TRUE,2026-07-06,8.63,,,TRUE,TRUE,A68DC141-2396-4673-99C8-C4E392AAEB511783340321876,6a4b7304c5d6742eb798f57c,A,2026-07-06 12:19:00.364,2026-07-06 12:19:05.222,2026-07-06 12:30:38.474,1,,1,FALSE,0,TRUE,0,RUH,RUH
6a4b83d5cb51ac389c0d7de2,RUH,smart,6891b650ff313265af58e418,2026-07-06 15:38:11.165,2026-07-06 15:34:52.481,4,0,24.725476,46.828828,24.727585,46.807972,th3k9t,th3k9j,20260706153811165,ecolite,9.15,9.15,0.58,9.15,,1,0,10,3.198,8.266666667,1705659d-2701-4474-bc47-86d043fbbc6a,Group A,0.90,0.90,TRUE,TRUE,2026-07-06,8.84,,,TRUE,TRUE,1705659d-2701-4474-bc47-86d043fbbc6a1783352291165,6a4ba37c4407f7fd1e191df7,A,2026-07-06 15:45:48.299,2026-07-06 15:45:50.234,2026-07-06 15:50:32.861,1,,1,FALSE,0,TRUE,0,RUH,RUH
6a4e126fe67cc36a0a0488d2,RUH,smart,6891b650464f40084c6496ee,2026-07-10 00:55:45.064,2026-07-10 00:55:45.064,0,1,24.673479,46.727497,24.623833,46.755743,th3hr7,th3hpf,20260710005545064,ecolite,13.28,13.28,0.58,13.28,,0.9,1.16,10,8.688,14.666666667,ea08b86e-1dc4-4c68-a76e-7d762926a1bb,Group A,0.90,0.90,TRUE,TRUE,2026-07-10,14.26,,,TRUE,TRUE,ea08b86e-1dc4-4c68-a76e-7d762926a1bb1783644945064,6a5018ffc737923ca9e91bca,A,2026-07-10 00:56:15.722,2026-07-10 00:56:18.876,2026-07-10 01:16:38.501,0.9,,0.9,FALSE,0,TRUE,0,RUH,RUH
6a501b7034acd515ea0d1112,RUH,smart,6891b6512b984bd05d467870,2026-07-10 01:12:29.088,2026-07-10 01:12:29.088,0,0,24.726549,46.666857,24.85143,46.830884,th3htv,th3m3s,20260710011229088,ecolite,35.12,35.12,0.58,35.12,,0.9,0,10,33.091,29.316666667,01E195CB-D709-4738-ADBA-922EEBE121A9,Group A,0.90,0.90,TRUE,TRUE,2026-07-10,37.7,,,TRUE,TRUE,01E195CB-D709-4738-ADBA-922EEBE121A91783645949088,6a501cf1b0e119efe8f45015,A,2026-07-10 01:13:04.120,2026-07-10 01:13:11.175,2026-07-10 01:19:40.552,0.9,,0.9,FALSE,0,TRUE,0,RUH,RUH
6a50c9bf4acb0ee7e005f69f,RUH,smart,6891b6505eb33f45c82f0705,2026-07-10 13:51:05.033,2026-07-10 13:51:05.033,0,0,24.756293,46.629196,24.932082,46.787006,th3hv4,th3mbd,20260710135105033,ecolite,48.99,48.99,0.58,48.99,,0.9,0,10,41.902,32.583333333,B4A17174-C326-4C7C-B0F3-6DBAE1E159E1,Group A,0.90,0.90,TRUE,TRUE,2026-07-10,52.59,,,TRUE,TRUE,B4A17174-C326-4C7C-B0F3-6DBAE1E159E11783691465033,6a50cea8b0e119efe81cbb3d,A,2026-07-10 13:51:20.862,2026-07-10 13:51:27.582,2026-07-10 13:59:30.442,0.9,,0.9,FALSE,0,TRUE,0,RUH,RUH
6a57f02227c73231810d0023,RUH,smart,6891b6512b984bd05d467870,2026-07-15 23:43:12.734,2026-07-15 23:43:12.734,0,1,24.773085,46.627364,24.778283,46.629808,th3hvj,th3hvn,20260715234312734,ecolite,8.94,8.94,0.58,8.94,,1,0,10,1.64,3.15,50a7ef44-4881-4390-ad84-7436ac814565,Group A,0.90,0.90,TRUE,TRUE,2026-07-15,8.63,,,TRUE,TRUE,50a7ef44-4881-4390-ad84-7436ac8145651784158992734,6a57f135c7a9562f6fb850c4,A,2026-07-15 23:44:37.781,2026-07-15 23:44:42.627,2026-07-15 23:55:50.592,1,,1,FALSE,0,TRUE,0,RUH,RUH
6a580bde9c70329a7800589b,RUH,smart,6891b651a3c67904571bbad4,2026-07-16 01:40:15.022,2026-07-16 01:40:15.022,0,0,24.826627,46.581322,24.628884,46.709459,th3j5z,th3hng,20260716014015022,ecolite,35.96,35.96,0.58,35.96,,1,3.13,10,30.037,27.383333333,b5076b5c-0a75-4eae-8218-4932ddd1e58c,Group A,0.90,0.90,TRUE,TRUE,2026-07-16,34.74,,,TRUE,TRUE,b5076b5c-0a75-4eae-8218-4932ddd1e58c1784166015022,6a580c53c3c2a38be2c5fff8,A,2026-07-16 01:40:19.384,2026-07-16 01:40:23.653,2026-07-16 01:51:03.450,1,,1,FALSE,0,TRUE,0,RUH,RUH
6a5280dcb228b357d708ee5f,RUH,smart,6891b6502b984bc6e61e0bf9,2026-07-11 20:53:10.354,2026-07-11 20:53:10.354,0,0,24.817968,46.64382,24.793637,46.698912,th3jjm,th3jn9,20260711205310354,ecolite,18.53,18.53,0.58,18.53,,0.9,0,10,12.286,18.566666667,5cb58586-9299-47ed-89ad-be3f06f69fa7,Group A,0.90,0.90,TRUE,TRUE,2026-07-11,19.89,,,TRUE,TRUE,5cb58586-9299-47ed-89ad-be3f06f69fa71783803190354,6a5283c8aba5ca19618b71de,A,2026-07-11 20:56:24.235,2026-07-11 20:56:41.039,2026-07-11 21:06:48.367,0.9,,0.9,FALSE,0,TRUE,0,RUH,RUH
6a52850b5c70cc9b6e082a9f,RUH,smart,6891b6528351f3291d5567ec,2026-07-11 21:14:06.216,2026-07-11 21:14:06.216,0,0,24.722029,46.811186,24.724972,46.814094,th3k9h,th3k9m,20260711211406216,ecolite,8.94,8.94,0.58,8.94,,0.9,0,10,3.523,8.016666667,A2B8FBFA-8E8B-4A47-91C2-EB276BB4457E,Group A,0.90,0.90,TRUE,TRUE,2026-07-11,9.42,,,TRUE,TRUE,A2B8FBFA-8E8B-4A47-91C2-EB276BB4457E1783804446216,6a528812aba5ca1961901ef2,A,2026-07-11 21:14:41.958,2026-07-11 21:14:45.290,2026-07-11 21:23:25.984,0.9,,0.9,FALSE,0,TRUE,0,RUH,RUH
6a4b3b20d79287edf10cc3be,RUH,smart,6891b6512b984bc8151bac3a,2026-07-11 22:10:57.329,2026-07-11 22:10:57.329,0,0,24.634208,46.695173,24.752229,46.808419,th3hns,th3kc4,20260711221057329,ecolite,30.8,30.8,0.58,30.8,,0.9,0,10,23.218,32.266666667,7EBF9ABB-007F-4355-A0AD-309C12EBA051,Group A,0.90,0.90,TRUE,TRUE,2026-07-11,33.07,,,TRUE,TRUE,7EBF9ABB-007F-4355-A0AD-309C12EBA0511783807857329,6a529550aba5ca19619e9500,A,2026-07-11 22:11:12.495,2026-07-11 22:11:15.719,2026-07-11 22:21:53.928,0.9,,0.9,FALSE,0,TRUE,0,RUH,RUH
6a52b8f88fa512cb950efcb7,RUH,smart,6891b651008d57c7b830139f,2026-07-12 00:45:37.965,2026-07-12 00:45:37.965,0,0,24.78079,46.598939,24.599921,46.754062,th3hur,th35zy,20260712004537965,ecolite,40.85,40.85,0.58,40.85,,1,3.55,10,34.562,31.933333333,4DEBBA45-8951-48F2-9827-D13C678218F3,Group A,0.90,0.90,TRUE,TRUE,2026-07-12,39.47,,,TRUE,TRUE,4DEBBA45-8951-48F2-9827-D13C678218F31783817137965,6a52b9812c3bad89f233b710,A,2026-07-12 00:45:37.007,2026-07-12 00:45:51.701,2026-07-12 00:56:28.399,1,,1,FALSE,0,TRUE,0,RUH,RUH
6a52c7358851d4add50ece50,RUH,smart,6891b6502b984bc6e61e0bf9,2026-07-12 01:51:54.701,2026-07-12 01:51:54.701,0,0,24.765235,46.641095,24.808147,46.784693,th3hvk,th3m0s,20260712015154701,ecolite,27.13,27.13,0.58,27.13,,1,0,10,21.884,19.116666667,9883BB94-F1CE-405B-9E97-7835030B19B3,Group A,0.90,0.90,TRUE,TRUE,2026-07-12,26.21,,,TRUE,TRUE,9883BB94-F1CE-405B-9E97-7835030B19B31783821114701,6a52c90a2c3bad89f238d0f0,A,2026-07-12 01:51:54.092,2026-07-12 01:51:58.953,2026-07-12 02:00:16.622,1,,1,FALSE,0,TRUE,0,RUH,RUH
6a4cb86ed48860dd0508faac,RUH,smart,6891b6504b7aadcc3e1d1e62,2026-07-07 11:30:42.152,2026-07-07 11:30:42.152,0,0,24.639794,46.563169,24.625663,46.548269,th3h5t,th3h54,20260707113042152,ecolite,10.41,10.41,0.58,10.41,,1,0,10,3.999,7,CDCB2A3D-DBB0-4820-A2C3-FC07C1DB7787,Group A,0.90,0.90,TRUE,TRUE,2026-07-07,10.06,,,TRUE,TRUE,CDCB2A3D-DBB0-4820-A2C3-FC07C1DB77871783423842152,6a4cb9464407f7fd1ee5ece9,A,2026-07-07 11:31:02.596,2026-07-07 11:31:08.653,2026-07-07 11:39:23.609,1,,1,FALSE,0,TRUE,0,RUH,RUH
6a524bbcb422ccae0b0d3be8,RUH,smart,6891b6515cbf304401265966,2026-07-11 17:09:53.636,2026-07-11 17:09:53.636,0,0,24.632566,46.532257,24.625301,46.542298,th3h4u,th3h54,20260711170953636,ecolite,8.94,8.94,0.58,8.94,,0.9,0,10,1.788,4.333333333,4240EB13-7A7A-4764-8164-28F6BD5C08CD,Group A,0.90,0.90,TRUE,TRUE,2026-07-11,8.63,,,TRUE,TRUE,4240EB13-7A7A-4764-8164-28F6BD5C08CD1783789793636,6a524ebb2c3bad89f2c9b29c,A,2026-07-11 17:10:03.031,2026-07-11 17:10:08.572,2026-07-11 17:20:48.199,0.9,,0.9,FALSE,0,TRUE,0,RUH,RUH
6a524e14d44e0512680e0d17,RUH,smart,6891b6528351f3291d5567ec,2026-07-11 17:15:27.129,2026-07-11 17:15:27.129,0,0,24.851336,46.830728,24.743948,46.857858,th3m3s,th3kf2,20260711171527129,ecolite,24.17,24.17,0.58,24.17,,0.9,0,10,18.783,23.216666667,FA76E74C-178A-440D-ACAF-2B3E290101F7,Group A,0.90,0.90,TRUE,TRUE,2026-07-11,25.94,,,TRUE,TRUE,FA76E74C-178A-440D-ACAF-2B3E290101F71783790127129,6a52500e2c3bad89f2cb18e3,A,2026-07-11 17:15:41.983,2026-07-11 17:15:52.022,2026-07-11 17:21:42.095,0.9,,0.9,FALSE,0,TRUE,-20.61,RUH,RUH
6a498856e60bf2b49308f4c7,RUH,smart,6891b651a47b6644d30c23e5,2026-07-07 12:27:49.800,2026-07-07 12:27:49.800,0,0,24.554993,46.679031,24.701347,46.801222,th35wn,th3k8b,20260707122749800,ecolite,40.74,40.74,0.58,40.74,,1,0,10,26.076,40.783333333,D044542B-537B-4539-BD70-7B3A35CD4D45,Group A,0.90,0.90,TRUE,TRUE,2026-07-07,39.37,,,TRUE,TRUE,D044542B-537B-4539-BD70-7B3A35CD4D451783427269800,6a4cc69e4407f7fd1ef03698,A,2026-07-07 12:27:58.848,2026-07-07 12:28:05.114,2026-07-07 12:37:15.943,1,,1,FALSE,0,TRUE,-8,RUH,RUH
6a4cd93312c697ebfa06a6c6,RUH,smart,6891b6512b984bc8151bac3a,2026-07-07 13:55:44.949,2026-07-07 13:55:44.949,0,0,24.617754,46.703555,24.677234,46.656174,th3hnc,th3hms,20260707135544949,ecolite,18.96,18.96,0.58,18.96,,1,0,10,10.11,16.983333333,d53d5a1e-8698-4432-875e-75ad98cc7f71,Group A,0.90,0.90,TRUE,TRUE,2026-07-07,18.32,,,TRUE,TRUE,d53d5a1e-8698-4432-875e-75ad98cc7f711783432544949,6a4cdb54c5d6742eb7ad4252,A,2026-07-07 13:56:20.714,2026-07-07 13:56:25.705,2026-07-07 14:09:00.267,1,,1,FALSE,0,TRUE,0,RUH,RUH
6a4cd1caae0c0b994e0c1e3b,RUH,smart,6891b651a3c679064f5961e1,2026-07-07 13:57:55.161,2026-07-07 13:57:55.161,0,0,24.855131,46.82021,24.550002,46.672415,th3m3k,th35wj,20260707135755161,ecolite,67.54,67.54,0.58,67.54,,1,0,10,50.294,51.766666667,c2927f02-dfc5-46ec-a2a5-f67c1e7a567c,Group A,0.90,0.90,TRUE,TRUE,2026-07-07,65.26,,,TRUE,TRUE,c2927f02-dfc5-46ec-a2a5-f67c1e7a567c1783432675161,6a4cdbc7c5d6742eb7adacc1,A,2026-07-07 13:58:15.210,2026-07-07 13:58:19.444,2026-07-07 14:05:29.473,1,,1,FALSE,0,TRUE,0,RUH,RUH
6a490e16f25cee0ab908a921,RUH,smart,6891b6512b984bd05d467870,2026-07-07 15:10:09.305,2026-07-07 15:10:09.305,0,0,24.767885,46.615367,24.729385,46.650441,th3huu,th3htt,20260707151009305,ecolite,17.14,17.14,0.58,17.14,,1,0,10,10.209,15.1,25CC99BE-4F75-427A-85A9-A1D41BEDE391,Group A,0.90,0.90,TRUE,TRUE,2026-07-07,16.56,,,TRUE,TRUE,25CC99BE-4F75-427A-85A9-A1D41BEDE3911783437009305,6a4cecb94407f7fd1e121387,A,2026-07-07 15:10:32.928,2026-07-07 15:10:37.016,2026-07-07 15:21:39.282,1,,1,FALSE,0,TRUE,0,RUH,RUH
6a50c9cc746c6e6a3401c225,RUH,smart,6891b6528351f3291d5567ec,2026-07-10 17:37:07.844,2026-07-10 17:37:07.844,0,0,24.701743,46.837704,24.81068,46.870291,th3k9b,th3m4s,20260710173707844,ecolite,21.5,21.5,0.58,21.5,,0.9,1.87,10,15.667,22.783333333,88cec41e-ddd6-450e-9640-5ec275686a4d,Group A,0.90,0.90,TRUE,TRUE,2026-07-10,23.09,,,TRUE,TRUE,88cec41e-ddd6-450e-9640-5ec275686a4d1783705027844,6a5103c5c737923ca9347544,A,2026-07-10 17:37:57.996,2026-07-10 17:38:00.354,2026-07-10 17:52:50.237,0.9,,0.9,FALSE,0,TRUE,0,RUH,RUH
6a51038309929661e201c032,RUH,smart,6891b650a2084e6905526bd7,2026-07-10 17:40:44.902,2026-07-10 17:40:44.902,0,0,24.587351,46.760892,24.590588,46.76687,th37b5,th37bh,20260710174044902,ecolite,8.94,8.94,0.58,8.94,,0.9,0,10,1.959,4.216666667,B311954F-AF3D-4DBB-93FE-2A406A76177A,Group A,0.90,0.90,TRUE,TRUE,2026-07-10,8.63,,,TRUE,TRUE,B311954F-AF3D-4DBB-93FE-2A406A76177A1783705244902,6a510474c737923ca93517b2,A,2026-07-10 17:40:52.349,2026-07-10 17:40:56.507,2026-07-10 17:50:27.577,0.9,,0.9,FALSE,0,TRUE,0,RUH,RUH
6a4e7a0158e88ac92e069b02,RUH,smart,6891b6528351f3291d5567ec,2026-07-10 17:56:58.266,2026-07-10 17:56:58.266,0,0,24.860911,46.842862,24.838937,46.808063,th3m3v,th3m31,20260710175658266,ecolite,12.36,12.36,0.58,12.36,,0.9,0,10,8.317,7.866666667,2F8AFE85-6BA2-4660-AD0A-B43FA17294F0,Group A,0.90,0.90,TRUE,TRUE,2026-07-10,13.28,,,TRUE,TRUE,2F8AFE85-6BA2-4660-AD0A-B43FA17294F01783706218266,6a510840c737923ca9386ec4,A,2026-07-10 17:57:04.160,2026-07-10 17:57:26.555,2026-07-10 18:07:32.484,0.9,,0.9,FALSE,0,TRUE,0,RUH,RUH
6a4e55281913831cbf0ab2dc,RUH,smart,6891b6505eb33f45c82f0705,2026-07-10 18:31:13.431,2026-07-10 18:31:13.431,0,0,24.59862,46.696268,24.592341,46.691516,th35yw,th35yk,20260710183113431,ecolite,8.94,8.94,0.58,8.94,,0.9,0,10,1.61,6.533333333,24043C06-2BB8-420A-B6FE-1AB6A02FE7C6,Group A,0.90,0.90,TRUE,TRUE,2026-07-10,8.63,,,TRUE,TRUE,24043C06-2BB8-420A-B6FE-1AB6A02FE7C61783708273431,6a511050c737923ca93f9a66,A,2026-07-10 18:31:28.333,2026-07-10 18:31:36.614,2026-07-10 18:42:25.711,0.9,,0.9,FALSE,0,TRUE,0,RUH,RUH
6a4992853550305fdc0a4e0f,RUH,smart,6891b6515cbf304401265966,2026-07-10 19:07:07.914,2026-07-10 19:07:07.914,0,0,24.562605,46.593144,24.564346,46.54533,th35sr,th35ep,20260710190707914,ecolite,11.97,11.97,0.58,11.97,,0.9,0,10,6.285,11.95,47443EA9-8FCF-474A-8D63-24D885317D82,Group A,0.90,0.90,TRUE,TRUE,2026-07-10,12.86,,,TRUE,TRUE,47443EA9-8FCF-474A-8D63-24D885317D821783710427914,6a5118e7b0e119efe84edb59,A,2026-07-10 19:08:06.340,2026-07-10 19:08:26.734,2026-07-10 19:20:18.983,0.9,,0.9,FALSE,0,TRUE,0,RUH,RUH
6a5117e3cb6727f76b0b3d5a,RUH,smart,6891b650a2084e6905526bd7,2026-07-10 20:04:59.739,2026-07-10 20:04:59.739,0,0,24.591108,46.771259,24.577045,46.655082,th37bk,th35vd,20260710200459739,ecolite,25.21,25.21,0.58,25.21,,0.9,0,10,16.366,33.433333333,B3EEA1F9-350B-418C-BDC6-B4BC7C39065A,Group A,0.90,0.90,TRUE,TRUE,2026-07-10,27.05,,,TRUE,TRUE,B3EEA1F9-350B-418C-BDC6-B4BC7C39065A1783713899739,6a512640c737923ca954ec64,A,2026-07-10 20:05:04.006,2026-07-10 20:05:25.225,2026-07-10 20:22:46.306,0.9,,0.9,FALSE,0,TRUE,0,RUH,RUH
6a49084c3250ffc0700948ca,RUH,smart,6891b651a3c67904571bbad4,2026-07-04 16:24:20.264,2026-07-04 16:24:20.264,0,0,24.898685,46.871623,24.782467,46.905079,th3mds,th3kgr,20260704162420264,ecolite,29.7,29.7,0.58,29.7,,0.9,0,10,23.074,32.966666667,26DAD5F4-7161-4228-B6F3-0CBFE5C01389,Group A,0.90,0.90,TRUE,TRUE,2026-07-04,31.89,,,TRUE,TRUE,26DAD5F4-7161-4228-B6F3-0CBFE5C013891783182260264,6a490992c5a77f251a4db327,A,2026-07-04 16:24:34.372,2026-07-04 16:24:36.706,2026-07-04 16:32:23.529,0.9,,0.9,FALSE,0,TRUE,0,RUH,RUH
6a491454baf77ebac8003395,RUH,smart,6891b6528351f3291d5567ec,2026-07-04 17:46:42.957,2026-07-04 17:46:37.823,0,0,24.715041,46.813088,24.943029,46.710748,th3k97,th3jyu,20260704174642957,airportdropoff,45.34,45.34,0.58,45.34,,0.9,6.8,1,38.335,47.8,5B4E3CE6-9C01-4B8B-A7C8-C23DD8AF1529,Group A,0.90,0.90,TRUE,TRUE,2026-07-04,48.68,,,TRUE,TRUE,5B4E3CE6-9C01-4B8B-A7C8-C23DD8AF15291783187202957,6a491cea7ef6256af72d454b,A,2026-07-04 17:47:05.591,2026-07-04 17:47:09.548,2026-07-04 17:59:52.765,0.9,,0.9,FALSE,0,TRUE,0,RUH,RUA
6a492a838cf4367d5a0d5654,RUH,smart,6891b6504b7aadcc3e1d1e62,2026-07-04 18:50:41.768,2026-07-04 18:50:41.768,0,0,24.544829,46.656516,24.586817,46.761,th35ts,th37b5,20260704185041768,ecolite,21.94,21.94,0.58,21.94,,0.9,0,10,15.303,26.35,CB5E2975-BCC5-40D2-A1F4-FAC67665E175,Group A,0.90,0.90,TRUE,TRUE,2026-07-04,23.55,,,TRUE,TRUE,CB5E2975-BCC5-40D2-A1F4-FAC67665E1751783191041768,6a492bec7ef6256af73fad50,A,2026-07-04 18:51:08.442,2026-07-04 18:51:19.007,2026-07-04 19:01:41.517,0.9,,0.9,FALSE,0,TRUE,0,RUH,RUH
6a492ced2ec41d8bfb09ae23,RUH,smart,6891b6528351f3291d5567ec,2026-07-04 18:58:59.259,2026-07-04 18:58:59.259,0,1,24.805304,46.858934,24.773796,46.776396,th3m47,th3kbm,20260704185859259,ecolite,21.28,21.28,0.58,21.28,,0.9,0,10,14.759,25.266666667,54E1A5EA-8192-406E-BA2A-ADE42571A02C,Group A,0.90,0.90,TRUE,TRUE,2026-07-04,22.83,,,TRUE,TRUE,54E1A5EA-8192-406E-BA2A-ADE42571A02C1783191539259,6a492e1d7ef6256af742656b,A,2026-07-04 19:00:28.055,2026-07-04 19:00:34.290,2026-07-04 19:08:21.061,0.9,,0.9,FALSE,0,TRUE,0,RUH,RUH
6a49233fe5ed5a53eb0c5ff5,RUH,smart,6891b6528351f3291d5567ec,2026-07-04 19:32:17.766,2026-07-04 19:32:17.766,0,0,24.72449,46.760418,24.725879,46.755266,th3k8h,th3hxv,20260704193217766,ecolite,8.94,8.94,0.58,8.94,,0.9,0,10,1.536,5.1,D7388D75-30B1-4EAF-89FB-C663A64E6B53,Group A,0.90,0.90,TRUE,TRUE,2026-07-04,8.63,,,TRUE,TRUE,D7388D75-30B1-4EAF-89FB-C663A64E6B531783193537766,6a493597c5a77f251a8240eb,A,2026-07-04 19:32:23.265,2026-07-04 19:32:31.308,2026-07-04 19:47:44.759,0.9,,0.9,FALSE,0,TRUE,0,RUH,RUH
6a493e7eb2e678e385070202,RUH,smart,6891b6528351f3291d5567ec,2026-07-04 20:18:25.995,2026-07-04 20:17:51.717,1,0,24.813177,46.82519,24.814474,46.891206,th3m1t,th3m5j,20260704201825995,ecolite,18.4,18.4,0.58,18.4,,0.9,0,10,11.561,20.866666667,9DA90974-7B17-4858-85B7-C8B7A07501F0,Group A,0.90,0.90,TRUE,TRUE,2026-07-04,19.75,,,TRUE,TRUE,9DA90974-7B17-4858-85B7-C8B7A07501F01783196305995,6a4940cbc5a77f251a91948e,A,2026-07-04 20:20:11.918,2026-07-04 20:20:15.821,2026-07-04 20:31:17.155,0.9,,0.9,FALSE,0,TRUE,0,RUH,RUH
6a57972e52ccc4065004c827,RUH,smart,6891b651a47b6644d30c23e5,2026-07-15 17:30:21.001,2026-07-15 17:30:21.001,0,0,24.596175,46.688953,24.672317,46.690241,th35ym,th3hq7,20260715173021001,ecolite,20.63,20.63,0.58,20.63,,1,0,10,11.839,23.833333333,99f27c5b-c0d1-4432-9777-20920ba3ccd5,Group A,0.90,0.90,TRUE,TRUE,2026-07-15,19.93,,,TRUE,TRUE,99f27c5b-c0d1-4432-9777-20920ba3ccd51784136621001,6a579986cd1f13068c5f5719,A,2026-07-15 17:30:30.339,2026-07-15 17:30:36.416,2026-07-15 17:40:11.741,1,,1,FALSE,0,TRUE,0,RUH,RUH
6a5351c969b6605eac0b6304,RUH,smart,6891b650a2084e6905526bd7,2026-07-12 11:39:47.738,2026-07-12 11:39:47.738,0,1,24.566726,46.795783,24.587014,46.762303,th37bb,th37b5,20260712113947738,ecolite,14.01,14.01,0.58,14.01,,1,0,10,6.096,13.083333333,55858784-FB6B-4359-89D0-7E579430E1ED,Group A,0.90,0.90,TRUE,TRUE,2026-07-12,13.53,,,TRUE,TRUE,55858784-FB6B-4359-89D0-7E579430E1ED1783856387738,6a5353277c77b079cb3e01e2,A,2026-07-12 11:41:11.757,2026-07-12 11:41:26.211,2026-07-12 11:53:11.311,1,,1,FALSE,0,TRUE,0,RUH,RUH
6a429db81f40b88fb509263e,RUH,smart,6891b651a3c679064f5961e1,2026-07-06 00:30:12.681,2026-07-06 00:28:45.702,2,0,24.793007,46.836401,24.854975,46.829059,th3m1c,th3m3s,20260706003012681,ecolite,19.68,19.68,0.58,19.68,,1,0,10,13.71,17.316666667,9F1FDB59-C47A-488E-B8BB-09E80F542B68,Group A,0.90,0.90,TRUE,TRUE,2026-07-06,19.01,,,TRUE,TRUE,9F1FDB59-C47A-488E-B8BB-09E80F542B681783297812681,6a4acd3bc5a77f251ad40887,A,2026-07-06 00:31:38.521,2026-07-06 00:31:42.199,2026-07-06 00:36:47.173,1,,1,FALSE,0,TRUE,0,RUH,RUH
6a4525a55ce1362b96005602,RUH,smart,6891b651a3c679064f5961e1,2026-07-06 11:11:40.540,2026-07-06 10:28:27.688,43,1,24.786995,46.90468,24.84561,46.789065,th3m52,th3m2e,20260706111140540,ecolite,34.19,34.19,0.58,34.19,,1,0,1,21.864,31.233333333,156AA4A8-8AAD-4A37-AFCA-06C349ACB446,Group A,0.90,0.90,TRUE,TRUE,2026-07-06,33.03,,,TRUE,TRUE,156AA4A8-8AAD-4A37-AFCA-06C349ACB4461783336300540,6a4b634a4407f7fd1ee041d3,A,2026-07-06 11:11:54.006,2026-07-06 11:11:57.075,2026-07-06 11:24:50.516,1,,1,FALSE,0,TRUE,10.91,RUH,RUH
6a567174f998cfabdf04ea7c,RUH,smart,6891b6528351f3291d5567ec,2026-07-15 12:59:15.104,2026-07-15 12:59:15.104,0,1,24.746375,46.794649,24.701347,46.801222,th3kbb,th3k8b,20260715125915104,ecolite,14.63,14.63,0.58,14.63,,1,0,10,6.768,12.866666667,87b9515a-1e4b-4d95-8d1f-ed9ca05df842,Group A,0.90,0.90,TRUE,TRUE,2026-07-15,14.13,,,TRUE,TRUE,87b9515a-1e4b-4d95-8d1f-ed9ca05df8421784120355104,6a575a12cd1f13068c2c9a64,A,2026-07-15 12:59:46.017,2026-07-15 12:59:49.653,2026-07-15 13:10:40.718,1,,1,FALSE,0,TRUE,0,RUH,RUH
6a4f8db494af6232ba037c43,RUH,smart,6891b6512b984bd05d467870,2026-07-09 15:13:46.106,2026-07-09 15:13:46.106,0,0,24.748359,46.571832,24.687717,46.639137,th3hgc,th3hmq,20260709151346106,ecolite,19.46,19.46,0.58,19.46,,1,1.69,10,12.708,15.266666667,18af926e-5965-4698-b187-b3206457aef3,Group A,0.90,0.90,TRUE,TRUE,2026-07-09,18.8,,,TRUE,TRUE,18af926e-5965-4698-b187-b3206457aef31783610026106,6a4f9088c737923ca9380b22,A,2026-07-09 15:14:00.319,2026-07-09 15:14:02.181,2026-07-09 15:26:44.074,1,,1,FALSE,0,TRUE,0,RUH,RUH
6a4f989afb52df1dc2084812,RUH,smart,6891b650464f40084c6496ee,2026-07-09 15:50:31.705,2026-07-09 15:50:31.705,0,1,24.671548,46.680107,24.565472,46.689977,th3hq5,th35y2,20260709155031705,ecolite,24.92,24.92,0.58,24.92,,1,0,10,15.209,29.116666667,bd91984f-5e54-4128-8b67-60ed35c01525,Group A,0.90,0.90,TRUE,TRUE,2026-07-09,24.08,,,TRUE,TRUE,bd91984f-5e54-4128-8b67-60ed35c015251783612231705,6a4f99e8c737923ca9433418,A,2026-07-09 15:54:00.484,2026-07-09 15:54:32.494,2026-07-09 16:06:26.241,1,,1,FALSE,0,TRUE,0,RUH,RUH
6a4fa3eaf0987d59250a7ab6,RUH,smart,6891b6512b984bd05d467870,2026-07-09 16:39:00.667,1899-12-31 23:59:08.000,66543586,1,24.689867027,46.634055426,24.64332,46.581555,th3hmn,th3h5y,20260709163900667,ecolite,24.83,24.83,0.58,24.83,,1,0,1,16.772,22.433333333,350e78dd-db93-4e9c-b4ce-112552457c8f,Group A,0.90,0.90,TRUE,TRUE,2026-07-09,23.99,,,TRUE,TRUE,350e78dd-db93-4e9c-b4ce-112552457c8f1783615140667,6a4fa533c737923ca9523628,A,2026-07-09 16:42:11.122,2026-07-09 16:42:36.906,2026-07-09 16:53:03.284,1,,1,FALSE,0,TRUE,0,RUH,RUH
6a4faaf360291b68720a7f16,RUH,smart,6891b650ff313265af58e418,2026-07-09 17:08:07.008,2026-07-09 17:08:07.008,0,1,24.807249,46.78499,24.687903,46.70269,th3m0s,th3hqw,20260709170807008,ecolite,34.5,34.5,0.58,34.5,,1,0,10,22.903,40.133333333,4bdabe43-1204-4e12-b895-1fddb23baf55,Group A,0.90,0.90,TRUE,TRUE,2026-07-09,33.33,,,TRUE,TRUE,4bdabe43-1204-4e12-b895-1fddb23baf551783616887008,6a4fab73b0e119efe86473ae,A,2026-07-09 17:08:51.027,2026-07-09 17:08:53.885,2026-07-09 17:12:55.596,1,,1,FALSE,0,TRUE,0,RUH,RUH
6a4a8f2575af86fa240613ed,RUH,smart,6891b650ff313265af58e418,2026-07-09 18:27:16.072,2026-07-09 18:27:16.072,0,0,24.81314,46.782971,24.815029,46.835672,th3m0t,th3m1v,20260709182716072,ecolite,16.54,16.54,0.58,16.54,,1,0,10,9.295,16.15,70356C86-86A1-47AD-BD6C-7E9379FFC7E9,Group A,0.90,0.90,TRUE,TRUE,2026-07-09,15.98,,,TRUE,TRUE,70356C86-86A1-47AD-BD6C-7E9379FFC7E91783621636072,6a4fbddcc737923ca9787a2c,A,2026-07-09 18:27:24.177,2026-07-09 18:27:27.909,2026-07-09 18:37:09.144,1,,1,FALSE,0,TRUE,0,RUH,RUH
6a4a80bd02d8505f27026edc,RUH,smart,6891b650464f40084c6496ee,2026-07-05 19:22:54.011,2026-07-05 19:22:54.011,0,0,24.679389,46.686861,24.845976,46.789896,th3hqk,th3m2e,20260705192254011,ecolite,47.4,47.4,0.58,47.4,,1,0,10,35.167,39.883333333,08A501E8-92F0-4024-812E-4DD59653B77A,Group A,0.90,0.90,TRUE,TRUE,2026-07-05,45.8,,,TRUE,TRUE,08A501E8-92F0-4024-812E-4DD59653B77A1783279374011,6a4a84e37ef6256af75c36a7,A,2026-07-05 19:22:59.492,2026-07-05 19:23:04.893,2026-07-05 19:32:44.045,1,,1,FALSE,0,TRUE,0,RUH,RUH
6a4a86f9c245efed43007914,RUH,smart,6891b6528351f3291d5567ec,2026-07-05 19:35:56.170,2026-07-05 19:35:56.170,0,1,24.854352,46.832134,24.838564,46.803373,th3m3s,th3m31,20260705193556170,ecolite,11.28,11.28,0.58,11.28,,1,0,10,4.75,9.566666667,ddd38140-8367-4efc-9ac0-565cb9323d3b,Group A,0.90,0.90,TRUE,TRUE,2026-07-05,10.9,,,TRUE,TRUE,ddd38140-8367-4efc-9ac0-565cb9323d3b1783280156170,6a4a88567ef6256af76037e6,A,2026-07-05 19:37:42.676,2026-07-05 19:37:48.606,2026-07-05 19:44:55.197,1,,1,FALSE,0,TRUE,0,RUH,RUH
6a4a817ddda979ad7d09362b,RUH,smart,6891b650ff313265af58e418,2026-07-05 19:37:16.713,2026-07-05 19:37:16.713,0,0,24.811759,46.80056,24.800783,46.651222,th3m0u,th3jjd,20260705193716713,priority,45.08,45.08,0.58,45.08,,1,0,11,23.377,28.133333333,2034FB82-C960-427B-842F-C6C2B838C913,Group A,0.90,0.90,TRUE,TRUE,2026-07-05,43.56,,,TRUE,TRUE,2034FB82-C960-427B-842F-C6C2B838C9131783280236713,6a4a88437ef6256af76019c8,A,2026-07-05 19:37:23.374,2026-07-05 19:37:26.693,2026-07-05 19:48:20.914,1,,1,FALSE,0,TRUE,0,RUH,RUH
6a4a984272479c3be7038f51,RUH,smart,6891b651a3c679064f5961e1,2026-07-05 20:47:01.332,2026-07-05 20:47:01.332,0,1,24.825615,46.884255,24.809278,46.76352,th3m4z,th3m0h,20260705204701332,ecolite,33.12,33.12,0.58,33.12,,1,0,10,23.055,28.25,1c7af6f6-d87d-41a0-82f3-98e96971e99a,Group A,0.90,0.90,TRUE,TRUE,2026-07-05,32,,,TRUE,TRUE,1c7af6f6-d87d-41a0-82f3-98e96971e99a1783284421332,6a4a9b1ac5a77f251aaa4770,A,2026-07-05 20:57:44.124,2026-07-05 20:57:49.774,2026-07-05 21:06:12.314,1,,1,FALSE,0,TRUE,0,RUH,RUH
6a41f97dabf6014a4f076cba,RUH,smart,6891b651008d57c7b830139f,2026-07-05 20:57:19.410,2026-07-05 20:57:19.410,0,1,24.820501,46.605654,24.802786,46.636317,th3jhw,th3jj5,20260705205719410,ecolite,14.15,14.15,0.58,14.15,,1,0,10,6.827,13.333333333,bf24c3ec-1091-47eb-944e-066188c47c08,Group A,0.90,0.90,TRUE,TRUE,2026-07-05,13.67,,,TRUE,TRUE,bf24c3ec-1091-47eb-944e-066188c47c081783285039410,6a4a9b3f7ef6256af776e9e0,A,2026-07-05 20:58:23.831,2026-07-05 20:58:27.416,2026-07-05 21:03:47.500,1,,1,FALSE,0,TRUE,0,RUH,RUH
6a4a9a364a80dc72e80e7e0b,RUH,smart,6891b6512b984bc8151bac3a,2026-07-05 21:03:58.901,2026-07-05 21:03:58.901,0,0,24.637335,46.717442,24.791717,46.622206,th3hpj,th3jhc,20260705210358901,ecolite,39.58,39.58,0.58,39.58,,1,0,10,26.821,40.366666667,b70b1690-6056-483c-b6cb-b28608179de6,Group A,0.90,0.90,TRUE,TRUE,2026-07-05,38.24,,,TRUE,TRUE,b70b1690-6056-483c-b6cb-b28608179de61783285438901,6a4a9ca9c5a77f251aabea33,A,2026-07-05 21:04:25.173,2026-07-05 21:04:44.331,2026-07-05 21:13:11.744,1,,1,FALSE,0,TRUE,0,RUH,RUH
6a4e50f7b3242d551a00881b,RUH,smart,6891b6528351f3291d5567ec,2026-07-08 16:33:48.257,2026-07-08 16:33:48.257,0,1,24.735975,46.845257,24.727191,46.83426,th3k9z,th3k9t,20260708163348257,ecolite,8.94,8.94,0.58,8.94,,1,0,10,2.116,6.65,b541c584-de6f-41bf-80ab-2fcffac411fd,Group A,0.90,0.90,TRUE,TRUE,2026-07-08,8.63,,,TRUE,TRUE,b541c584-de6f-41bf-80ab-2fcffac411fd1783528428257,6a4e5234b965025546f5f631,A,2026-07-08 16:35:48.215,2026-07-08 16:35:50.818,2026-07-08 16:45:28.617,1,,1,FALSE,0,TRUE,0,RUH,RUH
6a4e5543d8154395000c635c,RUH,smart,6891b651008d57c7b830139f,2026-07-08 16:52:20.353,2026-07-08 16:52:20.353,0,0,24.873725,46.646338,24.756626,46.629392,th3jt2,th3hv4,20260708165220353,ecolite,30.23,30.23,0.58,30.23,,1,0,10,18.909,37.483333333,12E9D54A-74C5-4654-B277-F4DD675F5125,Group A,0.90,0.90,TRUE,TRUE,2026-07-08,29.21,,,TRUE,TRUE,12E9D54A-74C5-4654-B277-F4DD675F51251783529540353,6a4e563a326d320dd9cdfc97,A,2026-07-08 16:52:57.900,2026-07-08 16:53:01.261,2026-07-08 17:03:34.277,1,,1,FALSE,0,TRUE,0,RUH,RUH
6a4e70906be2984344017819,RUH,smart,6891b651a47b6644d30c23e5,2026-07-08 18:47:06.920,2026-07-08 18:47:06.920,0,0,24.567669,46.687223,24.698712,46.846426,th35y2,th3kd0,20260708184706920,ecolite,40.83,40.83,0.58,40.83,,1,0,10,30.035,39.266666667,F473C18B-9B25-48A8-B096-8848F203955A,Group A,0.90,0.90,TRUE,TRUE,2026-07-08,39.44,,,TRUE,TRUE,F473C18B-9B25-48A8-B096-8848F203955A1783536426920,6a4e7117326d320dd9f4b852,A,2026-07-08 18:47:34.790,2026-07-08 18:47:38.821,2026-07-08 18:59:05.733,1,,1,FALSE,0,TRUE,0,RUH,RUH
6a4e714f8d3aeb9cb000aab6,RUH,smart,6891b6505eb33f374f7626b1,2026-07-08 18:52:18.595,2026-07-08 18:52:18.595,0,0,24.785617,46.728186,24.779716,46.719616,th3jp2,th3hzp,20260708185218595,ecolite,9.15,9.15,0.58,9.15,,1,0,10,3.558,6.816666667,868B7F49-FC9B-401B-8105-82C2585D8CC4,Group A,0.90,0.90,TRUE,TRUE,2026-07-08,8.84,,,TRUE,TRUE,868B7F49-FC9B-401B-8105-82C2585D8CC41783536738595,6a4e7257326d320dd9f65edd,A,2026-07-08 18:52:55.542,2026-07-08 18:53:01.345,2026-07-08 19:03:33.209,1,,1,FALSE,0,TRUE,0,RUH,RUH
