RIDEID,CREATED,RIDEVALUE,VATONRIDEVALUE,SURCHARGE,VATONSURCHARGE,INTERCITYSURCHARGE,VATONINTERCITYSURCHARGE,CANCELLATIONFINE,VATONCANCELLATIONFINE,RIDEHAILINGSURCHARGE,VATONRIDEHAILINGSURCHARGE,SUBTOTAL,DISCOUNT,VATONDISCOUNT,VALUEADDEDTAX,TOTALAMOUNTWITHTAX,CASHTOBECOLLECTED,UNROUNDEDRIDEFINALVALUE,DRIVEREARNINGS,PASSENGERWALLET,VALUECHARGED,TYPERIDE,DATECHARGED,CHARGEBYTAXIMETER,INVOICENUMBER,RECEIPTTIME,PAYMENTTIME,DISTANCE,DURATION,WAITINGCHARGES,VATONWAITINGCHARGES
6a579986cd1f13068c5f5719,2026-07-15 14:30:30.329,17.94,2.69,0.00,0.00,0.00,0.00,0.00,0.00,0.50,0.08,18.92,8.70,1.31,1.53,11.76,11.76,11.76,15.25,0.00,5.66,others,2026-07-15 15:04:46.542,,JNY-AAAAED-883333,2026-07-15 15:01:51.468,2026-07-15 15:02:33.789,11839,1430,0.48,0.07
6a563136c3c2a38be2b6c9de,2026-07-14 12:53:10.621,2.08,0.00,0.00,0.00,0.00,0.00,0.00,0.00,0.00,0.00,2.13,1.00,0.00,0.00,1.13,1.13,1.13,1.86,0.00,0.43,others,2026-07-14 13:15:48.905,,JNY-AAAABN-394239,2026-07-14 13:12:40.058,2026-07-14 13:13:57.810,5929,716,0.05,0
6a52c90a2c3bad89f238d0f0,2026-07-11 22:51:54.071,23.57,3.54,0.00,0.00,0.00,0.00,0.00,0.00,0.50,0.08,24.12,6.96,1.04,2.59,19.75,0.00,19.75,21.04,19.75,5.70,others,2026-07-11 23:22:26.488,,JNY-AAAAED-504675,2026-07-11 23:21:35.311,2026-07-11 23:21:37.030,21884,1142,0.05,0.01
6a4e7117326d320dd9f4b852,2026-07-08 15:47:34.776,35.50,5.33,0.00,0.00,0.00,0.00,0.00,0.00,0.50,0.08,38.41,6.96,1.04,4.73,36.18,0.00,36.18,31.24,36.18,11.11,others,2026-07-08 16:36:23.621,,JNY-AAAAED-172184,2026-07-08 16:33:44.128,2026-07-08 16:34:47.261,30035,2356,2.41,0.36
6a4835627ae76b85a3794328,2026-07-03 22:19:14.520,4.97,0.00,0.00,0.00,0.00,0.00,0.00,0.00,0.00,0.00,5.32,1.00,0.00,0.00,4.32,4.32,4.32,5.01,0.00,0.74,others,2026-07-03 22:50:06.381,,JNY-AAAABM-517999,2026-07-03 22:49:04.077,2026-07-03 22:49:20.295,19250,1319,0.35,0
6a4b455fc5d6742eb773d99f,2026-07-06 06:04:15.058,1.42,0.00,0.00,0.00,0.00,0.00,0.00,0.00,0.00,0.00,1.62,0.20,0.00,0.00,1.42,0.42,1.42,1.51,1.00,0.23,others,2026-07-06 06:24:48.297,,JNY-AAAABM-696696,2026-07-06 06:23:52.553,2026-07-06 06:24:06.302,3790,524,0.2,0
6a4a60037ef6256af727aacf,2026-07-05 13:45:39.271,45.29,6.79,0.00,0.00,0.00,0.00,0.00,0.00,0.50,0.08,45.81,6.96,1.04,5.83,44.68,44.68,44.68,37.65,0.00,13.19,others,2026-07-05 14:52:51.932,,JNY-AAAAEC-811859,2026-07-05 14:50:59.365,2026-07-05 14:51:18.717,39924,2933,0.02,0
6a4a88567ef6256af76037e6,2026-07-05 16:37:42.649,9.81,1.47,0.00,0.00,0.00,0.00,0.00,0.00,0.50,0.08,10.45,4.18,0.63,0.93,7.21,7.21,7.21,8.85,0.00,2.69,others,2026-07-05 16:57:26.544,,JNY-AAAAEC-828014,2026-07-05 16:56:43.735,2026-07-05 16:56:46.605,4750,574,0.14,0.02
6a4a75e1c5a77f251a7d65a5,2026-07-05 15:18:57.016,22.16,3.32,0.00,0.00,0.00,0.00,0.00,0.00,0.50,0.08,23.27,6.96,1.04,2.45,18.76,18.76,18.76,20.22,0.00,5.51,others,2026-07-05 15:49:03.998,,JNY-AAAAEC-819307,2026-07-05 15:45:51.590,2026-07-05 15:46:04.694,18754,1043,0.61,0.09
6a4d49514407f7fd1e8d5665,2026-07-07 18:45:37.020,43.94,6.59,0.00,0.00,0.00,0.00,0.00,0.00,0.50,0.08,44.96,8.70,1.31,5.44,41.71,0.00,41.71,39.56,41.71,10.28,others,2026-07-07 19:39:43.569,,JNY-AAAAED-080498,2026-07-07 19:39:10.490,2026-07-07 19:39:16.276,37508,2621,0.52,0.08
6a4d518fc5d6742eb741940f,2026-07-07 19:20:47.667,17.51,2.63,0.00,0.00,0.00,0.00,0.00,0.00,0.50,0.08,18.21,6.96,1.04,1.70,12.95,12.95,12.95,15.75,0.00,4.40,others,2026-07-07 19:49:36.334,,JNY-AAAAED-081533,2026-07-07 19:48:24.872,2026-07-07 19:48:55.179,8710,887,0.2,0.03
6a4cdb54c5d6742eb7ad4252,2026-07-07 10:56:20.704,24.10,3.62,0.00,0.00,0.00,0.00,0.00,0.00,0.50,0.08,25.78,6.96,1.04,2.84,21.66,20.66,21.66,20.88,1.00,7.58,others,2026-07-07 11:39:45.869,,JNY-AAAAED-020501,2026-07-07 11:38:16.049,2026-07-07 11:38:21.974,10110,1019,1.18,0.18
6a4ead42b96502554665bd8a,2026-07-08 20:04:17.988,21.83,3.27,0.00,0.00,0.00,0.00,0.00,0.00,0.50,0.08,23.61,6.96,1.04,2.50,19.15,19.15,19.15,19.07,0.00,6.97,others,2026-07-08 20:45:07.835,,JNY-AAAAED-199246,2026-07-08 20:42:43.613,2026-07-08 20:42:53.386,15176,1563,1.28,0.19
6a5169bcaba5ca1961df04ce,2026-07-10 21:53:00.263,37.68,5.65,0.00,0.00,0.00,0.00,0.00,0.00,0.50,0.08,41.05,8.70,1.31,4.85,37.21,37.21,37.21,33.39,0.00,11.85,others,2026-07-10 22:47:33.938,,JNY-AAAAED-412275,2026-07-10 22:46:16.429,2026-07-10 22:47:19.188,41479,1989,2.87,0.43
6a528812aba5ca1961901ef2,2026-07-11 18:14:41.946,7.77,1.17,0.00,0.00,0.00,0.00,0.00,0.00,0.50,0.08,9.17,4.59,0.69,0.70,5.28,0.00,5.28,7.62,5.28,2.41,others,2026-07-11 18:29:08.990,,JNY-AAAAED-481984,2026-07-11 18:28:35.074,2026-07-11 18:28:37.055,3523,481,0.9,0.14
6a580c53c3c2a38be2c5fff8,2026-07-15 22:40:19.374,31.80,4.77,3.18,0.48,0.00,0.00,0.00,0.00,0.50,0.08,35.74,8.70,1.31,4.05,31.11,31.11,31.11,31.02,0.00,8.25,others,2026-07-15 23:27:26.194,,JNY-AAAAED-930195,2026-07-15 23:22:36.815,2026-07-15 23:27:05.838,30274,1756,0.26,0.04
6a575a12cd1f13068c2c9a64,2026-07-15 09:59:46.006,12.72,1.91,0.00,0.00,0.00,0.00,0.00,0.00,0.50,0.08,14.99,7.50,1.13,1.13,8.62,8.62,8.62,11.84,0.00,4.56,others,2026-07-15 10:22:45.453,,JNY-AAAAED-855318,2026-07-15 10:21:53.954,2026-07-15 10:22:27.989,6768,772,1.77,0.27
6a5658e0c3c2a38be2db104a,2026-07-14 15:42:24.633,1.08,0.00,0.00,0.00,0.00,0.00,0.00,0.00,0.00,0.00,1.11,0.56,0.00,0.00,0.55,0.55,0.55,0.97,0.00,0.22,others,2026-07-14 15:57:07.626,,JNY-AAAABN-410594,2026-07-14 15:55:40.803,2026-07-14 15:55:53.190,1558,358,0.03,0
6a4a55317ef6256af718be0d,2026-07-05 12:59:29.402,36.85,5.53,0.00,0.00,0.00,0.00,0.00,0.00,0.50,0.08,41.00,8.70,1.31,4.85,37.16,37.16,37.16,33.25,0.00,11.84,others,2026-07-05 14:30:53.913,,JNY-AAAAEC-808456,2026-07-05 14:24:13.731,2026-07-05 14:26:33.425,27733,3315,3.65,0.55
6a4e7257326d320dd9f65edd,2026-07-08 15:52:55.531,7.96,1.19,0.00,0.00,0.00,0.00,0.00,0.00,0.50,0.08,9.44,3.78,0.57,0.85,6.51,0.00,6.51,7.32,6.51,3.00,others,2026-07-08 16:12:20.073,,JNY-AAAAED-169339,2026-07-08 16:10:45.531,2026-07-08 16:10:47.651,3558,409,0.98,0.15
6a57f135c7a9562f6fb850c4,2026-07-15 20:44:37.772,7.77,1.17,0.00,0.00,0.00,0.00,0.00,0.00,0.50,0.08,9.40,4.70,0.71,0.71,5.41,5.41,5.41,7.27,0.00,2.99,others,2026-07-15 21:00:26.924,,JNY-AAAAED-922107,2026-07-15 20:59:18.331,2026-07-15 20:59:24.934,1640,189,1.13,0.17
6a4fa836c737923ca95700a3,2026-07-09 13:55:02.928,7.21,0.00,0.00,0.00,0.00,0.00,0.00,0.00,0.00,0.00,7.26,0.98,0.00,0.00,6.28,6.28,6.28,6.38,0.00,1.45,others,2026-07-09 14:44:06.998,,JNY-AAAABM-999628,2026-07-09 14:40:12.029,2026-07-09 14:41:07.565,16986,2101,0.05,0
6a4fc752c737923ca9851e25,2026-07-09 16:07:46.672,4.00,0.00,0.00,0.00,0.00,0.00,0.00,0.00,0.00,0.00,4.14,1.00,0.00,0.00,3.14,3.14,3.14,3.62,0.00,0.83,others,2026-07-09 16:37:07.375,,JNY-AAAABN-012160,2026-07-09 16:34:52.707,2026-07-09 16:35:33.020,12370,1230,0.14,0
6a4f8a5cb0e119efe83870b3,2026-07-09 11:47:40.188,4.20,0.00,0.00,0.00,0.00,0.00,0.00,0.00,0.00,0.00,4.23,0.98,0.00,0.00,3.25,3.25,3.25,3.71,0.00,0.85,others,2026-07-09 12:18:25.056,,JNY-AAAABM-984692,2026-07-09 12:17:04.087,2026-07-09 12:17:25.019,13091,1363,0.03,0
6a4cecb94407f7fd1e121387,2026-07-07 12:10:32.918,14.90,2.24,0.00,0.00,0.00,0.00,0.00,0.00,0.50,0.08,15.54,7.77,1.17,1.17,8.94,0.00,8.94,13.39,8.94,3.81,others,2026-07-07 12:41:18.893,,JNY-AAAAED-026100,2026-07-07 12:39:36.206,2026-07-07 12:39:38.300,10209,906,0.14,0.02
6a4b7304c5d6742eb798f57c,2026-07-06 09:19:00.351,7.77,1.17,0.00,0.00,0.00,0.00,0.00,0.00,0.50,0.08,9.60,3.84,0.58,0.87,6.63,0.00,6.63,7.96,6.63,2.50,others,2026-07-06 09:34:52.788,,JNY-AAAAEC-894786,2026-07-06 09:34:00.863,2026-07-06 09:34:03.935,1606,244,1.33,0.2
6a492e1d7ef6256af742656b,2026-07-04 16:00:28.043,7.77,1.17,0.77,0.12,0.00,0.00,0.00,0.00,0.50,0.08,9.36,3.74,0.56,0.85,6.48,0.00,6.48,7.24,6.48,2.98,others,2026-07-04 16:32:16.679,,JNY-AAAAEC-705058,2026-07-04 16:10:53.347,2026-07-04 16:29:51.816,453,103,0.32,0.05
6a492bec7ef6256af73fad50,2026-07-04 15:51:08.436,26.90,4.03,0.00,0.00,0.00,0.00,0.00,0.00,0.50,0.08,28.07,6.96,1.04,3.17,24.28,24.28,24.28,22.84,0.00,8.22,others,2026-07-04 16:43:01.852,,JNY-AAAAEC-706340,2026-07-04 16:40:04.081,2026-07-04 16:41:36.785,15303,1581,0.67,0.1
6a510474c737923ca93517b2,2026-07-10 14:40:52.341,7.77,1.17,0.00,0.00,0.00,0.00,0.00,0.00,0.50,0.08,8.93,4.47,0.67,0.67,5.14,5.14,5.14,6.93,0.00,2.86,others,2026-07-10 14:57:09.317,,JNY-AAAAED-365705,2026-07-10 14:55:23.970,2026-07-10 14:56:09.142,1959,253,0.66,0.1
6a5140b9aba5ca1961ba1f26,2026-07-10 18:58:01.276,12.63,1.89,1.26,0.19,0.00,0.00,0.00,0.00,0.50,0.08,17.17,8.59,1.29,1.28,9.87,0.00,9.87,13.40,9.87,5.17,others,2026-07-10 19:29:30.860,,JNY-AAAAED-394092,2026-07-10 19:27:15.972,2026-07-10 19:28:10.451,8869,812,2.78,0.42
6a512640c737923ca954ec64,2026-07-10 17:05:03.998,21.92,3.29,0.00,0.00,0.00,0.00,0.00,0.00,0.50,0.08,23.95,8.70,1.31,2.29,17.55,17.55,17.55,19.31,0.00,7.07,others,2026-07-10 18:01:41.225,,JNY-AAAAED-383712,2026-07-10 17:59:14.951,2026-07-10 17:59:37.052,16366,2005,1.53,0.23
6a490992c5a77f251a4db327,2026-07-04 13:24:34.366,25.83,3.87,0.00,0.00,0.00,0.00,0.00,0.00,0.50,0.08,26.56,6.96,1.04,2.94,22.54,22.54,22.54,21.63,0.00,7.80,others,2026-07-04 14:04:22.233,,JNY-AAAAEC-688470,2026-07-04 14:01:56.254,2026-07-04 14:02:09.093,23074,1978,0.23,0.03
6a4fa533c737923ca9523628,2026-07-09 13:42:11.122,26.05,3.91,0.00,0.00,0.00,0.00,0.00,0.00,0.50,0.08,26.80,6.96,1.04,2.99,22.83,22.83,22.83,23.40,0.00,6.29,others,2026-07-09 14:26:33.378,,JNY-AAAAED-269094,2026-07-09 14:22:50.114,2026-07-09 14:23:56.837,16772,1346,0.25,0.04
6a4fc732b0e119efe88cd5d8,2026-07-09 16:07:14.496,34.70,5.21,0.00,0.00,0.00,0.00,0.00,0.00,0.50,0.08,35.79,6.96,1.04,4.34,33.17,33.17,33.17,31.38,0.00,8.26,others,2026-07-09 16:55:20.924,,JNY-AAAAED-289011,2026-07-09 16:51:40.062,2026-07-09 16:52:45.578,27756,2279,0.59,0.09
6a4a84e37ef6256af75c36a7,2026-07-05 16:22:59.487,51.01,7.65,0.00,0.00,0.00,0.00,0.00,0.00,0.50,0.08,52.96,6.96,1.04,6.91,52.91,52.91,52.91,46.59,0.00,12.04,others,2026-07-05 17:28:46.945,,JNY-AAAAEC-831703,2026-07-05 17:25:56.312,2026-07-05 17:26:05.967,35167,2393,1.45,0.22
6a4a88437ef6256af76019c8,2026-07-05 16:37:23.356,54.77,8.22,0.00,0.00,0.00,0.00,0.00,0.00,0.50,0.08,56.78,6.96,1.04,7.49,57.31,57.31,57.31,46.60,0.00,16.26,others,2026-07-05 17:37:32.915,,JNY-AAAAEC-832819,2026-07-05 17:34:24.388,2026-07-05 17:35:12.913,23377,1688,1.51,0.23
6a4a9b3f7ef6256af776e9e0,2026-07-05 17:58:23.822,12.30,1.85,0.00,0.00,0.00,0.00,0.00,0.00,0.50,0.08,12.82,1.30,0.20,1.73,13.25,13.25,13.25,10.98,0.00,3.21,others,2026-07-05 18:18:05.079,,JNY-AAAAEC-837819,2026-07-05 18:17:34.237,2026-07-05 18:17:37.072,6827,800,0.02,0
6a4a9ca9c5a77f251aabea33,2026-07-05 18:04:25.163,34.42,5.16,0.00,0.00,0.00,0.00,0.00,0.00,0.50,0.08,34.99,6.96,1.04,4.21,32.24,32.24,32.24,30.72,0.00,8.09,others,2026-07-05 19:01:55.889,,JNY-AAAAEC-842720,2026-07-05 19:00:30.455,2026-07-05 19:00:32.812,26821,2422,0.07,0.01
6a4b634a4407f7fd1ee041d3,2026-07-06 08:11:53.993,29.73,4.46,0.00,0.00,0.00,0.00,0.00,0.00,0.50,0.08,31.83,1.30,0.20,4.58,35.11,24.20,35.11,25.86,10.91,9.27,others,2026-07-06 08:59:17.021,,JNY-AAAAEC-892325,2026-07-06 08:54:29.414,2026-07-06 08:58:14.726,21864,1874,1.6,0.24
6a498ec27ef6256af79d9560,2026-07-04 22:52:50.051,30.38,4.56,0.00,0.00,0.00,0.00,0.00,0.00,0.50,0.08,32.71,8.70,1.31,3.59,27.62,27.62,27.62,26.56,0.00,9.52,others,2026-07-04 23:37:29.674,,JNY-AAAAEC-745673,2026-07-04 23:36:29.085,2026-07-04 23:36:41.782,28799,1656,1.83,0.27
6a4ba37c4407f7fd1e191df7,2026-07-06 12:45:48.290,7.96,1.19,0.00,0.00,0.00,0.00,0.00,0.00,0.50,0.08,8.51,4.26,0.64,0.63,4.89,4.89,4.89,6.65,0.00,2.74,others,2026-07-06 12:59:54.887,,JNY-AAAAEC-911800,2026-07-06 12:59:11.456,2026-07-06 12:59:17.076,3198,496,0.05,0.01
6a52500e2c3bad89f2cb18e3,2026-07-11 14:15:41.973,21.02,3.15,0.00,0.00,0.00,0.00,20.61,0.00,0.50,0.08,42.41,6.96,1.04,2.23,37.68,0.00,37.68,17.67,37.68,27.07,others,2026-07-11 14:54:47.187,,JNY-AAAAED-458962,2026-07-11 14:46:27.034,2026-07-11 14:53:03.170,18783,1393,0.28,0.04
6a5283c8aba5ca19618b71de,2026-07-11 17:56:24.235,23.07,3.46,0.00,0.00,0.00,0.00,0.00,0.00,0.50,0.08,24.39,6.96,1.04,2.62,20.05,20.05,20.05,19.76,0.00,7.19,others,2026-07-11 18:39:56.328,,JNY-AAAAED-483075,2026-07-11 18:38:07.308,2026-07-11 18:38:33.330,12286,1114,0.82,0.12
6a515f842c3bad89f2504d8c,2026-07-10 21:09:24.979,41.81,6.27,0.00,0.00,0.00,0.00,0.00,0.00,0.50,0.08,42.88,42.88,6.43,0.01,0.01,0.00,0.01,35.15,0.01,12.37,others,2026-07-10 21:39:35.253,,JNY-AAAAED-407332,2026-07-10 21:39:17.448,2026-07-10 21:39:19.509,34178,1650,0.57,0.09
6a524ebb2c3bad89f2c9b29c,2026-07-11 14:10:03.024,7.77,1.17,0.00,0.00,0.00,0.00,0.00,0.00,0.50,0.08,9.37,3.75,0.56,0.85,6.48,6.48,6.48,7.25,0.00,2.98,others,2026-07-11 14:28:15.337,,JNY-AAAAED-456291,2026-07-11 14:26:32.265,2026-07-11 14:26:34.123,1788,260,1.1,0.17
6a529550aba5ca19619e9500,2026-07-11 19:11:12.490,26.78,4.02,0.00,0.00,0.00,0.00,0.00,0.00,0.50,0.08,28.63,6.96,1.04,3.26,24.93,24.93,24.93,24.92,0.00,6.69,others,2026-07-11 19:55:41.203,,JNY-AAAAED-491308,2026-07-11 19:54:23.029,2026-07-11 19:54:55.772,23218,1936,1.35,0.2
6a5353277c77b079cb3e01e2,2026-07-12 08:41:11.752,12.18,1.83,0.00,0.00,0.00,0.00,0.00,0.00,0.50,0.08,12.73,5.09,0.76,1.16,8.80,8.80,8.80,10.16,0.00,3.92,others,2026-07-12 09:03:08.787,,JNY-AAAAED-534395,2026-07-12 09:01:40.177,2026-07-12 09:01:59.194,6096,785,0.05,0.01
6a52b9812c3bad89f233b710,2026-07-11 21:45:36.995,40.56,6.08,4.05,0.61,0.00,0.00,0.00,0.00,0.50,0.08,45.18,6.96,1.04,5.74,43.96,0.00,43.96,36.68,43.96,13.01,others,2026-07-11 22:35:27.321,,JNY-AAAAED-502892,2026-07-11 22:33:05.375,2026-07-11 22:34:27.861,34438,1691,0.07,0.01
6a5118e7b0e119efe84edb59,2026-07-10 16:08:06.330,10.41,1.56,0.00,0.00,0.00,0.00,0.00,0.00,0.50,0.08,11.04,4.42,0.66,1.00,7.62,0.00,7.62,9.38,7.62,2.82,others,2026-07-10 16:33:50.399,,JNY-AAAAED-374398,2026-07-10 16:33:04.031,2026-07-10 16:33:06.195,6285,717,0.13,0.02
6a50fc7bc737923ca92e85e4,2026-07-10 14:06:51.660,12.13,1.82,0.00,0.00,0.00,0.00,8.00,0.00,0.50,0.08,21.66,5.46,0.82,1.23,17.43,17.43,17.43,10.83,0.00,12.18,others,2026-07-10 14:35:34.182,,JNY-AAAAED-363808,2026-07-10 14:33:36.144,2026-07-10 14:35:02.103,3440,379,1.03,0.15
6a4fb23eb0e119efe86f16fa,2026-07-09 14:37:50.483,3.03,0.00,0.00,0.00,0.00,0.00,0.00,0.00,0.00,0.00,3.07,1.00,0.00,0.00,2.07,2.07,2.07,2.70,0.00,0.61,others,2026-07-09 15:13:15.465,,JNY-AAAABN-003005,2026-07-09 15:10:39.271,2026-07-09 15:10:46.819,9065,1572,0.04,0
6a511050c737923ca93f9a66,2026-07-10 15:31:28.326,9.24,1.39,0.00,0.00,0.00,0.00,0.00,0.00,0.50,0.08,9.92,3.97,0.60,0.89,6.85,6.85,6.85,7.81,0.00,3.14,others,2026-07-10 15:53:49.913,,JNY-AAAAED-370927,2026-07-10 15:53:05.254,2026-07-10 15:53:12.239,1610,392,0.18,0.03
6a5103c5c737923ca9347544,2026-07-10 14:37:57.985,26.69,4.00,2.67,0.40,0.00,0.00,0.00,0.00,0.50,0.08,31.74,6.96,1.04,3.72,28.50,28.50,28.50,25.45,0.00,9.25,others,2026-07-10 15:27:13.764,,JNY-AAAAED-368399,2026-07-10 15:25:40.196,2026-07-10 15:25:54.211,15667,1367,1.88,0.28
6a501cf1b0e119efe8f45015,2026-07-09 22:13:04.109,48.29,7.24,0.00,0.00,0.00,0.00,0.00,0.00,0.50,0.08,48.96,6.96,1.04,6.31,48.31,0.00,48.31,40.25,48.31,14.07,others,2026-07-09 23:21:31.846,,JNY-AAAAED-332232,2026-07-09 23:19:11.802,2026-07-09 23:20:26.730,33091,1759,0.17,0.03
6a50f967c737923ca92c31ca,2026-07-10 13:53:43.435,17.38,2.61,0.00,0.00,0.00,0.00,0.00,0.00,0.50,0.08,17.96,8.70,1.31,1.39,10.66,10.66,10.66,14.50,0.00,5.39,others,2026-07-10 14:20:13.713,,JNY-AAAAED-362494,2026-07-10 14:18:31.693,2026-07-10 14:19:20.404,15311,998,0.08,0.01
6a510840c737923ca9386ec4,2026-07-10 14:57:04.155,13.49,2.02,0.00,0.00,0.00,0.00,0.00,0.00,0.50,0.08,14.28,7.14,1.07,1.07,8.21,8.21,8.21,12.25,0.00,3.53,others,2026-07-10 15:21:36.386,,JNY-AAAAED-367922,2026-07-10 15:20:25.130,2026-07-10 15:20:28.432,8317,472,0.29,0.04
6a5018ffc737923ca9e91bca,2026-07-09 21:56:15.713,15.33,2.30,1.53,0.23,0.00,0.00,0.00,0.00,0.50,0.08,22.04,6.96,1.04,2.26,17.35,17.35,17.35,18.50,0.00,5.24,others,2026-07-09 22:41:42.042,,JNY-AAAAED-329643,2026-07-09 22:35:37.304,2026-07-09 22:40:58.862,8688,880,4.68,0.7
6a50cea8b0e119efe81cbb3d,2026-07-10 10:51:20.855,42.60,6.39,0.00,0.00,0.00,0.00,0.00,0.00,0.50,0.08,43.89,8.70,1.31,5.27,40.48,40.48,40.48,38.57,0.00,10.05,others,2026-07-10 11:36:35.819,,JNY-AAAAED-352445,2026-07-10 11:35:23.829,2026-07-10 11:35:32.110,41902,1955,0.79,0.12
6a4e5234b965025546f5f631,2026-07-08 13:35:48.203,7.77,1.17,0.00,0.00,0.00,0.00,0.00,0.00,0.50,0.08,9.18,4.59,0.69,0.70,5.29,5.29,5.29,7.11,0.00,2.93,others,2026-07-08 13:54:11.440,,JNY-AAAAED-150658,2026-07-08 13:51:44.711,2026-07-08 13:51:47.215,2116,399,0.91,0.14
6a4c839dc5d6742eb76748fe,2026-07-07 04:42:05.384,37.45,5.62,0.00,0.00,0.00,0.00,0.00,0.00,0.50,0.08,38.81,8.70,1.31,4.52,34.64,34.64,34.64,34.04,0.00,8.93,others,2026-07-07 05:32:35.395,,JNY-AAAAEC-990817,2026-07-07 05:28:26.157,2026-07-07 05:31:23.211,30700,1898,0.86,0.13
6a4c1d18c5d6742eb74f87bc,2026-07-06 21:24:40.220,11.73,1.76,0.00,0.00,0.00,0.00,0.00,0.00,0.50,0.08,13.14,5.26,0.79,1.19,9.07,9.07,9.07,11.16,0.00,3.28,others,2026-07-06 21:46:40.989,,JNY-AAAAEC-973984,2026-07-06 21:45:28.011,2026-07-06 21:46:14.163,7892,717,0.91,0.14
6a493597c5a77f251a8240eb,2026-07-04 16:32:23.259,7.77,1.17,0.00,0.00,0.00,0.00,0.00,0.00,0.50,0.08,9.79,4.90,0.74,0.73,5.63,5.63,5.63,7.55,0.00,3.10,others,2026-07-04 16:54:06.645,,JNY-AAAAEC-707631,2026-07-04 16:51:53.122,2026-07-04 16:52:43.986,1536,306,1.52,0.23
6a4fbddcc737923ca9787a2c,2026-07-09 15:27:24.168,14.38,2.16,0.00,0.00,0.00,0.00,0.00,0.00,0.50,0.08,16.51,6.60,0.99,1.49,11.40,11.40,11.40,13.13,0.00,4.98,others,2026-07-09 15:57:04.266,,JNY-AAAAED-281574,2026-07-09 15:53:29.576,2026-07-09 15:54:18.251,9295,968,1.63,0.24
6a4f9088c737923ca9380b22,2026-07-09 12:14:00.310,16.92,2.54,1.70,0.26,0.00,0.00,0.00,0.00,0.50,0.08,21.24,8.70,1.31,1.89,14.43,14.43,14.43,16.81,0.00,6.31,others,2026-07-09 12:43:41.969,,JNY-AAAAED-256606,2026-07-09 12:40:22.770,2026-07-09 12:41:13.667,12708,916,2.12,0.32
6a4f99e8c737923ca9433418,2026-07-09 12:54:00.484,25.97,3.90,0.00,0.00,0.00,0.00,0.00,0.00,0.50,0.08,26.87,6.96,1.04,3.00,22.91,22.91,22.91,21.87,0.00,7.88,others,2026-07-09 13:47:26.807,,JNY-AAAAED-264047,2026-07-09 13:42:38.152,2026-07-09 13:45:03.858,15209,1747,0.4,0.06
6a4d046bc5d6742eb7dae280,2026-07-07 13:51:39.589,22.77,3.42,0.00,0.00,0.00,0.00,0.00,0.00,0.50,0.08,29.24,6.96,1.04,3.36,25.64,25.64,25.64,23.22,0.00,8.55,others,2026-07-07 14:48:07.557,,JNY-AAAAED-042045,2026-07-07 14:44:34.182,2026-07-07 14:46:01.549,18378,1317,5.97,0.9
6a4cb9464407f7fd1ee5ece9,2026-07-07 08:31:02.587,9.05,1.36,0.00,0.00,0.00,0.00,0.00,0.00,0.50,0.08,10.24,4.10,0.61,0.93,7.07,7.07,7.07,8.02,0.00,3.23,others,2026-07-07 08:49:30.648,,JNY-AAAAED-007904,2026-07-07 08:46:41.841,2026-07-07 08:48:22.354,3999,420,0.69,0.1
6a4e563a326d320dd9cdfc97,2026-07-08 13:52:57.888,37.56,5.63,0.00,0.00,0.00,0.00,0.00,0.00,0.50,0.08,38.82,6.96,1.04,4.78,36.64,0.00,36.64,31.76,36.64,11.23,others,2026-07-08 14:57:08.125,,JNY-AAAAED-159189,2026-07-08 14:55:17.314,2026-07-08 14:55:20.388,18909,2249,0.76,0.11
6a4cc69e4407f7fd1ef03698,2026-07-07 09:27:58.840,35.43,5.31,0.00,0.00,0.00,0.00,8.00,0.00,0.50,0.08,44.91,8.70,1.31,4.23,40.45,40.45,40.45,32.34,0.00,16.51,others,2026-07-07 10:22:28.890,,JNY-AAAAED-014382,2026-07-07 10:18:52.459,2026-07-07 10:21:21.876,26076,2447,0.98,0.15
6a4cdbc7c5d6742eb7adacc1,2026-07-07 10:58:15.199,58.73,8.81,0.00,0.00,0.00,0.00,0.00,0.00,0.50,0.08,59.27,6.96,1.04,7.85,60.17,60.17,60.17,48.84,0.00,16.96,others,2026-07-07 12:09:04.168,,JNY-AAAAED-023016,2026-07-07 12:05:08.883,2026-07-07 12:06:59.050,50294,3106,0.04,0.01
6a5b8b73086b15be44f26902,2026-07-18 14:19:31.084,11.94,1.79,0.00,0.00,0.00,0.00,0.00,0.00,0.50,0.08,12.59,5.04,0.76,1.13,8.68,0.00,8.68,12.38,8.68,1.71,others,2026-07-18 14:41:52.236,,JNY-AAAAEE-153188,2026-07-18 14:40:42.257,2026-07-18 14:40:45.351,11929,983,0.15,0.02
6a578fd1cd1f13068c553660,2026-07-15 13:49:05.055,2.93,0.00,0.00,0.00,0.00,0.00,0.00,0.00,0.00,0.00,3.08,1.00,0.00,0.00,2.08,2.08,2.08,2.68,0.00,0.62,others,2026-07-15 14:19:17.490,,JNY-AAAABN-491359,2026-07-15 14:17:13.072,2026-07-15 14:17:41.666,7704,736,0.15,0
6a4fc809c737923ca985fc12,2026-07-09 16:10:49.907,15.45,2.32,0.00,0.00,0.00,0.00,0.00,0.00,0.50,0.08,16.50,8.25,1.24,1.24,9.49,9.49,9.49,13.24,0.00,4.98,others,2026-07-09 16:39:02.435,,JNY-AAAAED-287157,2026-07-09 16:36:37.966,2026-07-09 16:37:25.963,10032,944,0.55,0.08
6a4fe680b0e119efe8b7428c,2026-07-09 18:20:48.164,7.77,1.17,0.00,0.00,0.00,0.00,0.00,0.00,0.50,0.08,8.80,3.52,0.53,0.79,6.08,6.08,6.08,6.84,0.00,2.82,others,2026-07-09 18:41:41.069,,JNY-AAAAED-303091,2026-07-09 18:38:10.302,2026-07-09 18:38:50.223,1934,288,0.53,0.08
6a4fab73b0e119efe86473ae,2026-07-09 14:08:51.014,30.00,4.50,0.00,0.00,0.00,0.00,0.00,0.00,0.50,0.08,30.77,6.96,1.04,3.58,27.39,27.39,27.39,25.12,0.00,8.98,others,2026-07-09 14:53:24.040,,JNY-AAAAED-272713,2026-07-09 14:49:45.635,2026-07-09 14:50:43.678,22903,2408,0.27,0.04
6a4ed4bdae56939540ff6f49,2026-07-08 22:52:45.045,23.44,3.52,0.00,0.00,0.00,0.00,0.00,0.00,0.50,0.08,24.71,6.96,1.04,2.68,20.43,20.43,20.43,20.03,0.00,7.28,others,2026-07-08 23:31:32.053,,JNY-AAAAED-208813,2026-07-08 23:29:30.241,2026-07-08 23:29:32.842,20810,1356,0.77,0.12
6a491cea7ef6256af72d454b,2026-07-04 14:47:05.579,39.00,5.85,6.73,1.01,0.00,0.00,0.00,0.00,0.50,0.08,48.61,6.96,1.04,6.26,47.91,0.00,47.91,52.44,47.91,0.50,others,2026-07-04 15:54:03.552,,JNY-AAAAEC-700727,2026-07-04 15:40:06.165,2026-07-04 15:52:40.568,38232,2748,2.38,0.36
6a4940cbc5a77f251a91948e,2026-07-04 17:20:11.918,16.00,2.40,0.00,0.00,0.00,0.00,0.00,0.00,0.50,0.08,16.57,6.63,0.99,1.50,11.44,11.44,11.44,13.35,0.00,5.00,others,2026-07-04 17:54:29.753,,JNY-AAAAEC-715515,2026-07-04 17:52:56.271,2026-07-04 17:53:02.676,11561,1252,0.07,0.01
6a44ddd694fcb2ed1a0c0625,2026-07-01 09:28:54.857,10.67,1.60,0.00,0.00,0.00,0.00,0.00,0.00,0.50,0.08,13.37,5.35,0.80,1.21,9.23,9.23,9.23,10.46,0.00,4.10,others,2026-07-01 09:58:14.763,,JNY-AAAAEC-334039,2026-07-01 09:57:08.513,2026-07-01 09:57:10.442,6773,716,2.2,0.33
6a4a9b1ac5a77f251aaa4770,2026-07-05 17:57:44.112,28.80,4.32,0.00,0.00,0.00,0.00,0.00,0.00,0.50,0.08,30.28,8.70,1.31,3.24,24.83,0.00,24.83,26.43,24.83,7.05,others,2026-07-05 18:37:23.556,,JNY-AAAAEC-839959,2026-07-05 18:36:28.256,2026-07-05 18:36:31.073,23055,1695,0.98,0.15
6a4a61c2c5a77f251a5f1a09,2026-07-05 13:53:06.953,19.01,2.85,0.00,0.00,0.00,0.00,0.00,0.00,0.50,0.08,19.59,6.96,1.04,1.90,14.53,14.53,14.53,17.00,0.00,4.70,others,2026-07-05 14:25:06.650,,JNY-AAAAEC-807903,2026-07-05 14:19:10.426,2026-07-05 14:22:17.443,14153,1197,0.08,0.01
6a4acd3bc5a77f251ad40887,2026-07-05 21:31:38.504,17.11,2.57,0.00,0.00,0.00,0.00,0.00,0.00,0.50,0.08,18.21,1.30,0.20,2.53,19.45,0.00,19.45,15.71,19.45,4.40,others,2026-07-05 21:52:00.909,,JNY-AAAAEC-858053,2026-07-05 21:51:09.640,2026-07-05 21:51:11.500,13710,1039,0.6,0.09
6a4fc6c1c737923ca98467fb,2026-07-09 16:05:21.870,4.20,0.00,0.00,0.00,0.00,0.00,0.00,0.00,0.00,0.00,4.25,0.98,0.00,0.00,3.27,3.27,3.27,3.73,0.00,0.85,others,2026-07-09 16:47:11.804,,JNY-AAAABN-013100,2026-07-09 16:44:16.486,2026-07-09 16:44:57.841,13097,1899,0.05,0
6a4fd169b0e119efe899f480,2026-07-09 16:50:49.726,3.75,0.00,0.00,0.00,0.00,0.00,0.00,0.00,0.00,0.00,3.95,0.75,0.00,0.00,3.20,3.20,3.20,3.45,0.00,0.79,others,2026-07-09 17:18:42.554,,JNY-AAAABN-016094,2026-07-09 17:16:32.843,2026-07-09 17:16:39.439,11529,1068,0.2,0
6a4fd76ac737923ca99a5b83,2026-07-09 17:16:26.631,3.37,0.00,0.00,0.00,0.00,0.00,0.00,0.00,0.00,0.00,3.40,1.00,0.00,0.00,2.40,2.40,2.40,2.98,0.00,0.68,others,2026-07-09 17:47:00.999,,JNY-AAAABN-018766,2026-07-09 17:44:55.331,2026-07-09 17:45:53.768,10204,1110,0.03,0
6a4fc3a4c737923ca9803452,2026-07-09 15:52:04.229,5.25,0.00,0.00,0.00,0.00,0.00,0.00,0.00,0.00,0.00,5.42,0.75,0.00,0.00,4.67,4.67,4.67,4.75,0.00,1.08,others,2026-07-09 16:49:30.266,,JNY-AAAABN-013409,2026-07-09 16:47:42.018,2026-07-09 16:47:47.997,16685,2428,0.17,0
6a4f099eb0e119efe8dc06e6,2026-07-09 02:38:22.525,35.84,5.38,6.18,0.93,0.00,0.00,0.00,0.00,0.50,0.08,42.90,8.70,1.31,5.13,39.35,39.35,39.35,37.05,0.00,9.83,others,2026-07-09 03:18:40.351,,JNY-AAAAED-214447,2026-07-09 03:18:06.650,2026-07-09 03:18:22.741,34960,1921,0.38,0.06
6a4f775dc737923ca91ec16f,2026-07-09 10:26:37.935,3.00,0.00,0.00,0.00,0.00,0.00,0.00,0.00,0.00,0.00,3.02,0.75,0.00,0.00,2.27,2.27,2.27,2.65,0.00,0.60,others,2026-07-09 11:06:35.145,,JNY-AAAABM-977779,2026-07-09 11:05:01.098,2026-07-09 11:05:27.624,6074,1043,0.02,0
6a4fdffab0e119efe8ae08ef,2026-07-09 17:52:58.135,26.04,3.91,0.00,0.00,0.00,0.00,0.00,0.00,0.50,0.08,26.79,8.70,1.31,2.72,20.82,20.82,20.82,21.82,0.00,7.86,others,2026-07-09 18:32:24.464,,JNY-AAAAED-301895,2026-07-09 18:29:20.382,2026-07-09 18:29:59.451,14965,1160,0.25,0.04
6a47dbc2c22d83bd74f0b42a,2026-07-03 15:56:50.771,39.34,5.90,3.93,0.59,0.00,0.00,0.00,0.00,0.50,0.08,44.38,6.96,1.04,5.62,43.04,43.04,43.04,38.60,0.00,10.15,others,2026-07-03 17:23:55.744,,JNY-AAAAEC-606948,2026-07-03 17:20:35.893,2026-07-03 17:21:17.257,33882,3909,0.61,0.09
6a47fb5cc22d83bd7417eca3,2026-07-03 18:11:40.656,29.56,4.43,0.00,0.00,0.00,0.00,0.00,0.00,0.50,0.08,31.39,6.96,1.04,3.67,28.10,28.10,28.10,25.52,0.00,9.15,others,2026-07-03 19:14:04.090,,JNY-AAAAEC-621264,2026-07-03 19:06:23.588,2026-07-03 19:11:01.740,26695,1994,1.33,0.2
6a48021dc22d83bd74206f96,2026-07-03 18:40:29.628,9.50,1.43,0.00,0.00,0.00,0.00,0.00,0.00,0.50,0.08,10.56,4.22,0.63,0.95,7.30,7.30,7.30,8.91,0.00,2.71,others,2026-07-03 19:01:55.643,,JNY-AAAAEC-619867,2026-07-03 18:59:28.996,2026-07-03 19:00:17.683,5493,612,0.56,0.08
6a47cd09c22d83bd74e26888,2026-07-03 14:54:01.892,29.55,4.43,0.00,0.00,0.00,0.00,0.00,0.00,0.50,0.08,30.75,6.96,1.04,3.57,27.37,27.37,27.37,26.87,0.00,7.16,others,2026-07-03 15:37:03.547,,JNY-AAAAEC-595615,2026-07-03 15:29:09.390,2026-07-03 15:35:45.076,30283,1491,0.7,0.11
6a47b21f7ae76b85a3f578b6,2026-07-03 12:59:11.224,17.78,2.67,0.00,0.00,0.00,0.00,0.00,0.00,0.50,0.08,18.50,6.96,1.04,1.74,13.28,13.28,13.28,14.94,0.00,5.54,others,2026-07-03 13:32:10.291,,JNY-AAAAEC-584113,2026-07-03 13:30:24.911,2026-07-03 13:30:43.485,14713,1292,0.22,0.03
6a48213d7ae76b85a3685f73,2026-07-03 20:53:17.743,19.37,2.91,0.00,0.00,0.00,0.00,0.00,0.00,0.50,0.08,19.90,6.96,1.04,1.95,14.89,14.89,14.89,17.28,0.00,4.77,others,2026-07-03 21:25:18.453,,JNY-AAAAEC-635827,2026-07-03 21:23:49.335,2026-07-03 21:24:38.736,14921,1532,0.03,0
6a47bcd77ae76b85a3fcd882,2026-07-03 13:44:55.026,2.38,0.00,0.00,0.00,0.00,0.00,0.00,0.00,0.00,0.00,2.40,0.72,0.00,0.00,1.68,1.68,1.68,2.27,0.00,0.34,others,2026-07-03 14:06:15.287,,JNY-AAAABM-486382,2026-07-03 14:03:41.638,2026-07-03 14:03:54.333,8568,891,0.02,0
6a47fa00c22d83bd741632c9,2026-07-03 18:05:52.369,7.77,1.17,0.00,0.00,0.00,0.00,0.00,0.00,0.50,0.08,10.88,4.35,0.65,0.98,7.52,7.52,7.52,8.33,0.00,3.41,others,2026-07-03 18:33:42.841,,JNY-AAAAEC-616250,2026-07-03 18:31:42.857,2026-07-03 18:32:38.758,1862,461,2.61,0.39
6a47e1287ae76b85a31ebce1,2026-07-03 16:19:52.427,1.37,0.00,0.00,0.00,0.00,0.00,0.00,0.00,0.00,0.00,1.43,0.43,0.00,0.00,1.00,1.00,1.00,1.35,0.00,0.20,others,2026-07-03 16:35:59.235,,JNY-AAAABM-497119,2026-07-03 16:33:54.469,2026-07-03 16:34:02.226,3299,550,0.06,0
6a45475657e084f58b969d80,2026-07-01 16:59:02.589,25.54,3.83,0.00,0.00,0.00,0.00,0.00,0.00,0.50,0.08,26.50,6.96,1.04,2.94,22.48,22.48,22.48,23.12,0.00,6.22,others,2026-07-01 17:39:16.944,,JNY-AAAAEC-389975,2026-07-01 17:36:03.861,2026-07-01 17:36:35.756,12040,816,0.46,0.07
6a4551df57e084f58ba531be,2026-07-01 17:43:59.184,16.52,2.48,0.00,0.00,0.00,0.00,0.00,0.00,0.50,0.08,18.11,6.96,1.04,1.68,12.83,12.83,12.83,15.57,0.00,4.37,others,2026-07-01 18:13:42.490,,JNY-AAAAEC-394752,2026-07-01 18:10:22.401,2026-07-01 18:11:30.478,13706,796,1.09,0.16
